Frame,LifetimeBin,ProtonCount
0,0,28
10,10,26
20,0,1
20,20,25
30,0,2
30,10,1
30,30,24
40,0,1
40,10,2
40,20,1
40,40,24
50,0,1
50,10,1
50,20,2
50,30,1
50,50,22
60,0,1
60,20,1
60,30,2
60,40,1
60,60,21
70,10,1
70,30,1
70,40,2
70,50,1
70,70,20
80,20,1
80,40,1
80,50,2
80,60,1
80,80,22
90,0,1
90,30,1
90,50,1
90,60,2
90,70,1
90,90,20
100,10,1
100,40,1
100,60,1
100,70,2
100,80,1
100,100,20
110,0,2
110,20,1
110,50,1
110,70,1
110,80,2
110,90,1
110,110,17
120,10,2
120,30,1
120,60,1
120,80,1
120,90,2
120,100,1
120,120,17
130,20,2
130,40,1
130,70,1
130,90,1
130,100,1
130,110,1
130,130,18
140,30,2
140,80,1
140,100,1
140,110,1
140,120,1
140,140,18
150,0,1
150,40,2
150,90,1
150,110,1
150,120,1
150,130,1
150,150,18
160,10,1
160,50,2
160,100,1
160,120,1
160,130,1
160,140,1
160,160,19
170,20,1
170,60,2
170,110,1
170,130,1
170,140,1
170,150,1
170,170,18
180,30,1
180,70,2
180,120,1
180,140,1
180,150,1
180,160,1
180,180,19
190,40,1
190,80,2
190,130,1
190,150,1
190,160,1
190,170,1
190,190,20
200,50,1
200,90,1
200,140,1
200,160,1
200,170,1
200,180,1
200,200,19
210,60,1
210,100,1
210,150,1
210,170,1
210,190,1
210,210,20
220,70,1
220,110,1
220,160,1
220,180,1
220,200,1
220,220,21
230,80,1
230,120,1
230,190,1
230,230,19
240,90,1
240,130,1
240,200,1
240,240,18
250,140,1
250,160,1
250,210,1
250,250,19
260,150,1
260,170,1
260,220,1
260,260,18
270,180,1
270,230,1
270,270,18
280,170,1
280,190,1
280,240,1
280,280,18
290,180,2
290,200,1
290,250,1
290,290,19
300,190,1
300,210,1
300,260,1
300,300,20
310,200,1
310,220,1
310,270,1
310,310,21
320,230,1
320,280,1
320,320,21
330,240,1
330,290,1
330,330,21
340,250,1
340,300,1
340,310,1
340,340,21
350,260,1
350,310,1
350,320,2
350,350,19
360,270,1
360,320,1
360,330,2
360,360,18
370,280,1
370,310,1
370,330,1
370,340,2
370,370,17
380,230,1
380,290,1
380,320,1
380,340,1
380,350,2
380,380,17
390,240,1
390,300,1
390,330,1
390,350,1
390,390,17
400,250,1
400,310,1
400,340,1
400,360,1
400,400,17
410,260,1
410,320,1
410,350,1
410,370,1
410,410,18
420,270,1
420,330,1
420,360,1
420,380,1
420,420,19
430,280,1
430,340,1
430,370,1
430,390,1
430,430,19
440,290,1
440,350,1
440,380,1
440,400,1
440,440,20
450,300,1
450,360,1
450,390,1
450,410,1
450,450,20
460,310,1
460,370,1
460,400,1
460,420,1
460,460,20
470,380,1
470,410,1
470,430,1
470,470,20
480,370,1
480,390,1
480,420,1
480,440,1
480,480,20
490,380,1
490,400,1
490,430,1
490,450,1
490,490,18
500,390,1
500,410,1
500,440,1
500,460,1
500,500,17
510,400,1
510,420,1
510,450,1
510,470,1
510,510,17
520,410,1
520,430,1
520,460,1
520,470,1
520,480,1
520,520,15
530,420,1
530,440,1
530,470,1
530,480,1
530,490,1
530,530,15
540,430,1
540,450,1
540,480,1
540,490,1
540,500,1
540,540,14
550,440,1
550,460,1
550,490,1
550,500,1
550,510,1
550,550,13
560,450,1
560,470,1
560,500,1
560,510,1
560,520,1
560,560,12
570,460,1
570,480,1
570,510,1
570,520,1
570,530,1
570,570,12
580,470,1
580,490,1
580,520,1
580,530,1
580,540,1
580,550,1
580,580,11
590,440,1
590,480,1
590,500,1
590,530,1
590,540,1
590,550,1
590,560,1
590,590,11
600,450,1
600,490,1
600,510,1
600,540,1
600,550,1
600,560,1
600,570,1
600,600,13
610,460,1
610,500,2
610,520,1
610,550,1
610,560,1
610,570,1
610,580,1
610,590,1
610,610,15
620,470,1
620,510,2
620,530,1
620,560,1
620,570,1
620,580,1
620,590,1
620,600,1
620,620,17
630,480,1
630,520,2
630,540,1
630,570,1
630,580,1
630,590,1
630,600,1
630,610,1
630,630,15
640,490,1
640,530,2
640,550,1
640,580,1
640,590,1
640,600,1
640,610,1
640,620,1
640,640,17
650,500,1
650,540,2
650,560,1
650,590,1
650,600,1
650,610,1
650,620,1
650,630,1
650,650,15
660,510,1
660,550,1
660,570,1
660,600,1
660,610,1
660,620,1
660,640,1
660,660,18
670,520,1
670,560,1
670,580,1
670,610,1
670,620,1
670,630,1
670,650,1
670,670,18
680,570,1
680,590,1
680,620,1
680,630,1
680,640,1
680,660,1
680,680,18
690,580,1
690,600,1
690,630,1
690,640,1
690,670,1
690,690,19
700,590,1
700,610,1
700,640,1
700,650,1
700,660,1
700,670,1
700,680,1
700,700,19
710,600,1
710,620,1
710,650,1
710,660,1
710,670,1
710,680,1
710,690,1
710,710,19
720,610,1
720,630,1
720,660,1
720,670,1
720,680,1
720,690,1
720,700,1
720,720,19
730,620,1
730,640,1
730,670,1
730,680,1
730,690,1
730,700,1
730,710,1
730,730,18
740,630,2
740,650,1
740,690,1
740,700,1
740,710,1
740,720,1
740,740,18
750,640,2
750,660,1
750,700,1
750,710,1
750,720,1
750,730,1
750,750,18
760,650,1
760,670,1
760,710,1
760,720,1
760,730,1
760,740,1
760,760,18
770,660,1
770,680,1
770,720,1
770,730,1
770,740,2
770,750,1
770,770,17
780,670,1
780,690,1
780,730,1
780,740,1
780,750,2
780,760,1
780,780,16
790,680,1
790,700,1
790,740,1
790,750,1
790,760,2
790,770,1
790,790,15
800,690,1
800,710,1
800,750,1
800,760,1
800,770,2
800,780,1
800,800,13
810,700,1
810,720,1
810,760,1
810,770,1
810,780,2
810,790,1
810,810,13
820,710,2
820,730,1
820,760,1
820,770,1
820,780,1
820,790,2
820,800,1
820,820,14
830,720,2
830,740,1
830,770,1
830,780,1
830,790,1
830,800,2
830,810,1
830,830,15
840,730,2
840,750,1
840,780,1
840,790,1
840,800,1
840,810,2
840,820,1
840,840,15
850,740,1
850,760,1
850,790,1
850,800,1
850,810,1
850,820,2
850,830,1
850,850,18
860,750,1
860,770,1
860,800,1
860,810,1
860,820,1
860,830,2
860,840,1
860,860,20
870,760,1
870,780,1
870,810,1
870,820,1
870,830,1
870,840,2
870,850,1
870,870,20
880,770,1
880,790,1
880,820,1
880,830,1
880,840,1
880,850,2
880,860,1
880,880,15
890,780,1
890,800,1
890,830,1
890,840,1
890,850,1
890,860,2
890,870,1
890,890,15
900,790,2
900,810,1
900,840,1
900,850,1
900,860,1
900,870,2
900,880,1
900,900,14
910,800,2
910,820,1
910,850,1
910,860,1
910,880,2
910,890,1
910,910,12
920,810,2
920,830,1
920,860,1
920,870,1
920,890,2
920,900,1
920,920,12
930,820,1
930,840,1
930,870,1
930,880,1
930,900,2
930,910,1
930,930,12
940,830,1
940,850,1
940,880,1
940,910,2
940,920,1
940,940,12
950,840,1
950,860,1
950,890,1
950,920,2
950,930,1
950,950,13
960,850,1
960,870,1
960,900,1
960,930,2
960,960,11
970,860,1
970,880,1
970,910,1
970,940,2
970,950,1
970,970,11
980,870,1
980,890,1
980,920,1
980,950,2
980,960,1
980,980,13
990,880,1
990,900,1
990,930,1
990,960,2
990,970,1
990,990,13
1000,890,1
1000,910,1
1000,940,1
1000,970,2
1000,980,1
1000,1000,13
1010,900,1
1010,920,1
1010,950,1
1010,980,2
1010,990,1
1010,1010,16
1020,910,1
1020,930,1
1020,990,1
1020,1000,1
1020,1020,15
1030,920,1
1030,940,1
1030,970,1
1030,1000,1
1030,1010,1
1030,1030,14
1040,930,1
1040,950,1
1040,980,1
1040,1010,1
1040,1020,1
1040,1040,15
1050,940,1
1050,960,1
1050,990,1
1050,1020,1
1050,1030,1
1050,1050,16
1060,950,1
1060,970,1
1060,1000,1
1060,1030,1
1060,1040,1
1060,1060,15
1070,960,1
1070,980,1
1070,1010,1
1070,1040,1
1070,1050,1
1070,1070,15
1080,970,1
1080,990,1
1080,1020,1
1080,1050,1
1080,1060,1
1080,1080,16
1090,980,1
1090,1000,1
1090,1030,1
1090,1040,1
1090,1060,1
1090,1070,1
1090,1090,16
1100,990,1
1100,1010,1
1100,1040,1
1100,1050,1
1100,1070,1
1100,1080,1
1100,1100,14
1110,1000,1
1110,1020,1
1110,1050,1
1110,1060,1
1110,1080,1
1110,1090,1
1110,1110,14
1120,1010,1
1120,1030,1
1120,1060,1
1120,1070,1
1120,1090,1
1120,1100,1
1120,1120,16
1130,1020,1
1130,1040,1
1130,1070,1
1130,1080,1
1130,1100,1
1130,1110,1
1130,1130,18
1140,1030,1
1140,1050,1
1140,1080,1
1140,1110,1
1140,1120,1
1140,1140,18
1150,1040,1
1150,1060,1
1150,1090,1
1150,1110,1
1150,1120,1
1150,1150,19
1160,1050,1
1160,1070,1
1160,1100,1
1160,1120,1
1160,1130,1
1160,1160,20
1170,1060,1
1170,1080,1
1170,1110,1
1170,1130,1
1170,1170,18
1180,1070,2
1180,1090,1
1180,1120,1
1180,1140,1
1180,1180,16
1190,1080,2
1190,1100,1
1190,1130,1
1190,1150,1
1190,1190,16
1200,1090,2
1200,1110,1
1200,1140,1
1200,1160,1
1200,1170,2
1200,1180,1
1200,1200,16
1210,1060,1
1210,1100,1
1210,1120,1
1210,1150,1
1210,1170,1
1210,1180,2
1210,1190,1
1210,1210,15
1220,1070,1
1220,1110,1
1220,1160,1
1220,1180,1
1220,1190,2
1220,1200,1
1220,1220,14
1230,1080,1
1230,1120,1
1230,1170,1
1230,1190,1
1230,1200,2
1230,1210,1
1230,1230,15
1240,1090,1
1240,1130,1
1240,1180,1
1240,1210,2
1240,1220,1
1240,1240,14
1250,1100,1
1250,1140,1
1250,1190,1
1250,1220,2
1250,1230,1
1250,1250,13
1260,1110,1
1260,1150,1
1260,1200,1
1260,1230,2
1260,1240,1
1260,1260,18
1270,1120,1
1270,1160,1
1270,1210,1
1270,1240,2
1270,1250,1
1270,1270,17
1280,1130,1
1280,1170,1
1280,1220,1
1280,1250,2
1280,1260,1
1280,1280,17
1290,1140,1
1290,1180,1
1290,1230,1
1290,1260,2
1290,1270,1
1290,1290,19
1300,1190,1
1300,1240,1
1300,1270,2
1300,1300,18
1310,1200,1
1310,1250,1
1310,1280,1
1310,1310,18
1320,1210,1
1320,1260,1
1320,1290,1
1320,1320,15
1330,1220,2
1330,1270,1
1330,1300,1
1330,1310,1
1330,1330,14
1340,1190,1
1340,1230,2
1340,1280,1
1340,1310,2
1340,1320,1
1340,1340,14
1350,1200,1
1350,1240,2
1350,1290,1
1350,1320,2
1350,1330,1
1350,1350,14
1360,1210,1
1360,1250,2
1360,1300,1
1360,1310,1
1360,1330,2
1360,1360,14
1370,1220,1
1370,1260,2
1370,1310,1
1370,1320,1
1370,1340,2
1370,1370,16
1380,1230,1
1380,1270,2
1380,1380,18
1390,1240,1
1390,1280,1
1390,1390,18
1400,1250,1
1400,1290,1
1400,1350,1
1400,1370,1
1400,1400,23
1410,1260,1
1410,1300,1
1410,1360,1
1410,1380,1
1410,1410,24
1420,1270,1
1420,1310,1
1420,1370,1
1420,1380,1
1420,1390,1
1420,1420,23
1430,1280,1
1430,1320,1
1430,1380,1
1430,1390,1
1430,1400,1
1430,1430,22
1440,1290,1
1440,1330,1
1440,1390,1
1440,1400,1
1440,1410,1
1440,1440,21
1450,1300,1
1450,1340,1
1450,1360,1
1450,1400,1
1450,1410,1
1450,1420,1
1450,1450,22
1460,1310,1
1460,1350,1
1460,1370,1
1460,1410,1
1460,1420,1
1460,1430,1
1460,1460,23
1470,1320,1
1470,1360,1
1470,1380,1
1470,1420,1
1470,1430,1
1470,1440,1
1470,1470,24
1480,1330,1
1480,1370,1
1480,1390,1
1480,1430,1
1480,1440,1
1480,1450,1
1480,1480,22
1490,1340,1
1490,1380,1
1490,1400,1
1490,1440,1
1490,1450,1
1490,1460,2
1490,1490,22
1500,1350,1
1500,1390,1
1500,1410,1
1500,1450,1
1500,1460,1
1500,1470,1
1500,1480,1
1500,1500,21
1510,1360,1
1510,1400,1
1510,1420,1
1510,1460,1
1510,1470,1
1510,1480,1
1510,1490,1
1510,1510,20
1520,1410,1
1520,1430,1
1520,1460,1
1520,1470,1
1520,1480,1
1520,1490,1
1520,1500,1
1520,1520,17
1530,1470,1
1530,1480,1
1530,1490,1
1530,1500,1
1530,1510,1
1530,1530,17
1540,1480,1
1540,1490,1
1540,1500,1
1540,1510,1
1540,1520,1
1540,1540,15
1550,1490,1
1550,1500,1
1550,1510,1
1550,1520,1
1550,1530,1
1550,1550,14
1560,1500,1
1560,1510,1
1560,1520,1
1560,1530,1
1560,1540,1
1560,1560,15
1570,1460,1
1570,1510,1
1570,1520,1
1570,1530,1
1570,1540,1
1570,1550,1
1570,1570,16
1580,1470,1
1580,1520,1
1580,1530,1
1580,1540,1
1580,1550,1
1580,1560,1
1580,1580,16
1590,1480,1
1590,1530,1
1590,1540,1
1590,1550,1
1590,1560,1
1590,1570,1
1590,1590,15
1600,1490,1
1600,1540,1
1600,1550,1
1600,1560,1
1600,1570,1
1600,1580,1
1600,1600,15
1610,1550,1
1610,1560,1
1610,1570,1
1610,1580,1
1610,1590,1
1610,1610,15
1620,1560,1
1620,1570,1
1620,1580,1
1620,1590,1
1620,1600,1
1620,1620,15
1630,1570,1
1630,1580,1
1630,1590,1
1630,1600,1
1630,1610,1
1630,1630,15
1640,1580,1
1640,1590,1
1640,1600,1
1640,1610,1
1640,1620,1
1640,1640,16
1650,1590,1
1650,1600,1
1650,1610,1
1650,1620,1
1650,1630,1
1650,1650,18
1660,1600,1
1660,1610,1
1660,1620,1
1660,1630,1
1660,1640,1
1660,1660,20
1670,1610,1
1670,1620,1
1670,1630,1
1670,1640,1
1670,1650,1
1670,1670,20
1680,1530,1
1680,1620,1
1680,1630,1
1680,1640,1
1680,1650,1
1680,1660,1
1680,1680,18
1690,1540,1
1690,1630,1
1690,1640,1
1690,1650,1
1690,1660,1
1690,1670,1
1690,1690,17
1700,1550,1
1700,1640,1
1700,1650,1
1700,1660,1
1700,1670,1
1700,1680,1
1700,1700,17
1710,1560,1
1710,1650,1
1710,1660,1
1710,1680,1
1710,1690,1
1710,1710,17
1720,1570,1
1720,1610,1
1720,1660,1
1720,1680,1
1720,1690,1
1720,1700,1
1720,1720,21
1730,1580,1
1730,1620,1
1730,1670,1
1730,1690,1
1730,1700,1
1730,1710,1
1730,1730,18
1740,1590,1
1740,1630,1
1740,1700,1
1740,1710,1
1740,1720,1
1740,1740,18
1750,1600,1
1750,1640,1
1750,1720,1
1750,1730,1
1750,1750,18
1760,1610,1
1760,1650,1
1760,1730,1
1760,1740,1
1760,1760,19
1770,1620,1
1770,1660,1
1770,1740,1
1770,1750,1
1770,1770,19
1780,1630,1
1780,1670,1
1780,1750,1
1780,1760,1
1780,1780,18
1790,1640,1
1790,1680,1
1790,1730,1
1790,1760,1
1790,1770,1
1790,1790,18
1800,1650,1
1800,1690,1
1800,1740,1
1800,1760,1
1800,1770,1
1800,1780,1
1800,1800,15
1810,1660,1
1810,1700,1
1810,1750,1
1810,1770,1
1810,1780,1
1810,1790,1
1810,1810,16
1820,1670,1
1820,1710,1
1820,1730,1
1820,1760,1
1820,1780,1
1820,1790,1
1820,1800,1
1820,1820,15
1830,1680,1
1830,1740,1
1830,1770,1
1830,1790,1
1830,1800,1
1830,1810,1
1830,1830,15
1840,1690,1
1840,1730,1
1840,1750,1
1840,1780,1
1840,1790,1
1840,1800,1
1840,1810,1
1840,1840,17
1850,1700,1
1850,1740,1
1850,1760,1
1850,1790,1
1850,1800,1
1850,1810,1
1850,1820,1
1850,1850,15
1860,1710,1
1860,1750,1
1860,1770,1
1860,1800,1
1860,1810,1
1860,1820,1
1860,1830,1
1860,1860,13
1870,1720,1
1870,1760,1
1870,1810,1
1870,1820,1
1870,1830,1
1870,1840,1
1870,1870,14
1880,1730,1
1880,1770,1
1880,1830,1
1880,1840,1
1880,1850,1
1880,1860,1
1880,1880,18
1890,1740,1
1890,1780,1
1890,1840,1
1890,1850,1
1890,1860,1
1890,1870,1
1890,1890,20
1900,1750,1
1900,1790,1
1900,1840,1
1900,1850,1
1900,1860,1
1900,1870,1
1900,1880,1
1900,1900,19
1910,1760,1
1910,1800,1
1910,1850,1
1910,1860,1
1910,1870,1
1910,1880,1
1910,1890,1
1910,1910,20
1920,1770,1
1920,1810,1
1920,1860,1
1920,1870,1
1920,1880,1
1920,1890,1
1920,1900,1
1920,1920,20
1930,1780,1
1930,1820,1
1930,1870,1
1930,1880,1
1930,1900,1
1930,1910,1
1930,1930,21
1940,1790,1
1940,1830,1
1940,1880,1
1940,1890,1
1940,1900,1
1940,1910,1
1940,1920,1
1940,1940,21
1950,1800,1
1950,1840,1
1950,1890,1
1950,1900,1
1950,1910,1
1950,1920,1
1950,1930,1
1950,1950,19
1960,1810,1
1960,1850,1
1960,1900,1
1960,1910,1
1960,1920,1
1960,1930,1
1960,1940,1
1960,1960,18
1970,1820,1
1970,1860,1
1970,1910,1
1970,1920,1
1970,1930,1
1970,1940,1
1970,1950,1
1970,1970,16
1980,1830,1
1980,1870,2
1980,1920,1
1980,1930,1
1980,1940,1
1980,1950,1
1980,1960,1
1980,1980,17
1990,1840,1
1990,1880,1
1990,1930,1
1990,1960,1
1990,1970,1
1990,1990,17
2000,1890,1
2000,1940,1
2000,1950,1
2000,1970,1
2000,1980,1
2000,2000,15
2010,1900,1
2010,1950,1
2010,1980,1
2010,1990,1
2010,2010,15
2020,1910,1
2020,1960,1
2020,1990,1
2020,2000,1
2020,2020,16
2030,1920,1
2030,1970,1
2030,2000,1
2030,2010,1
2030,2030,16
2040,1930,1
2040,1980,1
2040,2010,1
2040,2020,1
2040,2040,15
2050,1940,1
2050,1990,1
2050,2050,15
2060,1950,1
2060,2000,1
2060,2030,1
2060,2060,14
2070,1960,1
2070,2010,1
2070,2050,1
2070,2070,15
2080,1970,1
2080,2020,1
2080,2060,1
2080,2080,15
2090,1980,1
2090,2030,1
2090,2070,1
2090,2090,13
2100,1990,2
2100,2040,1
2100,2100,12
2110,1960,1
2110,2000,2
2110,2050,1
2110,2110,11
2120,1970,1
2120,2010,2
2120,2060,1
2120,2090,1
2120,2120,13
2130,1980,1
2130,2020,2
2130,2070,1
2130,2100,1
2130,2130,15
2140,1990,1
2140,2030,1
2140,2080,1
2140,2110,1
2140,2140,15
2150,2000,1
2150,2040,2
2150,2090,1
2150,2120,2
2150,2150,15
2160,2010,1
2160,2050,2
2160,2100,1
2160,2130,2
2160,2140,1
2160,2160,15
2170,2020,1
2170,2060,2
2170,2110,1
2170,2140,2
2170,2150,1
2170,2170,13
2180,2030,1
2180,2070,2
2180,2120,1
2180,2150,2
2180,2160,1
2180,2180,14
2190,2040,1
2190,2080,2
2190,2130,1
2190,2150,1
2190,2160,2
2190,2170,1
2190,2190,14
2200,2050,1
2200,2090,2
2200,2140,1
2200,2160,1
2200,2170,2
2200,2180,1
2200,2200,13
2210,2060,1
2210,2100,2
2210,2150,1
2210,2170,1
2210,2180,2
2210,2190,1
2210,2210,14
2220,2070,1
2220,2110,2
2220,2160,1
2220,2180,1
2220,2190,2
2220,2200,1
2220,2220,14
2230,2080,1
2230,2120,2
2230,2170,1
2230,2190,1
2230,2200,2
2230,2210,1
2230,2230,16
2240,2090,1
2240,2130,2
2240,2180,1
2240,2200,1
2240,2210,2
2240,2220,1
2240,2240,16
2250,2100,1
2250,2140,2
2250,2210,1
2250,2220,2
2250,2230,1
2250,2250,16
2260,2110,1
2260,2150,2
2260,2220,1
2260,2240,1
2260,2260,15
2270,2120,1
2270,2160,2
2270,2230,1
2270,2250,1
2270,2270,17
2280,2130,1
2280,2170,2
2280,2240,1
2280,2260,1
2280,2280,19
2290,2140,1
2290,2180,2
2290,2250,1
2290,2270,1
2290,2290,18
2300,2190,2
2300,2260,1
2300,2280,1
2300,2300,21
2310,2200,2
2310,2270,1
2310,2290,1
2310,2310,21
2320,2210,2
2320,2280,1
2320,2300,1
2320,2320,18
2330,2220,2
2330,2290,1
2330,2330,17
2340,2230,2
2340,2300,1
2340,2310,1
2340,2340,19
2350,2240,2
2350,2310,1
2350,2320,1
2350,2350,20
2360,2250,2
2360,2320,1
2360,2330,1
2360,2360,19
2370,2260,2
2370,2330,1
2370,2340,1
2370,2370,19
2380,2270,2
2380,2320,1
2380,2340,1
2380,2350,1
2380,2380,19
2390,2280,2
2390,2330,1
2390,2350,1
2390,2360,1
2390,2390,15
2400,2290,2
2400,2340,1
2400,2360,1
2400,2370,1
2400,2400,14
2410,2300,2
2410,2350,1
2410,2370,1
2410,2380,2
2410,2410,14
2420,2270,1
2420,2310,2
2420,2360,1
2420,2380,1
2420,2390,2
2420,2420,14
2430,2280,1
2430,2320,1
2430,2370,1
2430,2390,1
2430,2400,2
2430,2410,1
2430,2430,11
2440,2290,1
2440,2330,1
2440,2380,1
2440,2400,1
2440,2410,2
2440,2420,1
2440,2440,14
2450,2300,1
2450,2340,1
2450,2360,1
2450,2390,1
2450,2410,1
2450,2420,2
2450,2430,1
2450,2450,15
2460,2310,1
2460,2350,1
2460,2370,1
2460,2420,1
2460,2430,1
2460,2440,1
2460,2460,15
2470,2320,1
2470,2360,1
2470,2380,1
2470,2430,1
2470,2440,1
2470,2450,1
2470,2470,17
2480,2330,1
2480,2370,1
2480,2390,1
2480,2440,1
2480,2450,1
2480,2460,1
2480,2480,16
2490,2340,1
2490,2380,1
2490,2400,1
2490,2450,1
2490,2460,1
2490,2470,1
2490,2490,14
2500,2350,1
2500,2390,1
2500,2410,1
2500,2460,1
2500,2470,1
2500,2480,1
2500,2500,15
2510,2360,1
2510,2400,1
2510,2420,1
2510,2470,1
2510,2480,1
2510,2490,1
2510,2510,11
2520,2370,1
2520,2410,2
2520,2430,1
2520,2480,1
2520,2500,1
2520,2520,11
2530,2380,1
2530,2420,2
2530,2440,1
2530,2490,1
2530,2510,1
2530,2530,12
2540,2390,1
2540,2430,1
2540,2450,1
2540,2500,1
2540,2520,1
2540,2540,14
2550,2400,1
2550,2440,1
2550,2460,1
2550,2510,1
2550,2520,1
2550,2550,13
2560,2410,1
2560,2450,1
2560,2530,1
2560,2560,15
2570,2420,1
2570,2460,1
2570,2540,1
2570,2570,15
2580,2470,1
2580,2550,1
2580,2580,15
2590,2480,1
2590,2560,1
2590,2590,15
2600,2490,1
2600,2570,1
2600,2600,15
2610,2500,1
2610,2580,1
2610,2610,18
2620,2510,1
2620,2590,1
2620,2620,19
2630,2520,1
2630,2590,1
2630,2600,1
2630,2630,19
2640,2530,1
2640,2600,1
2640,2610,1
2640,2640,19
2650,2540,2
2650,2610,1
2650,2620,1
2650,2650,20
2660,2550,2
2660,2620,1
2660,2630,2
2660,2660,16
2670,2560,2
2670,2630,1
2670,2640,2
2670,2670,16
2680,2570,2
2680,2640,1
2680,2650,2
2680,2680,15
2690,2580,2
2690,2650,1
2690,2660,1
2690,2690,15
2700,2590,2
2700,2650,1
2700,2660,1
2700,2670,1
2700,2700,14
2710,2560,1
2710,2600,2
2710,2650,1
2710,2660,1
2710,2670,1
2710,2680,1
2710,2710,14
2720,2570,1
2720,2610,2
2720,2660,1
2720,2670,1
2720,2690,1
2720,2720,15
2730,2580,1
2730,2620,2
2730,2670,1
2730,2680,1
2730,2700,1
2730,2730,14
2740,2590,1
2740,2630,2
2740,2680,1
2740,2690,1
2740,2710,1
2740,2740,17
2750,2600,1
2750,2640,2
2750,2690,1
2750,2700,1
2750,2720,1
2750,2750,18
2760,2610,1
2760,2650,1
2760,2700,1
2760,2710,1
2760,2730,1
2760,2760,18
2770,2620,1
2770,2660,1
2770,2710,1
2770,2720,1
2770,2740,1
2770,2770,17
2780,2630,1
2780,2670,1
2780,2720,1
2780,2730,1
2780,2740,1
2780,2750,1
2780,2760,1
2780,2780,16
2790,2640,1
2790,2680,1
2790,2730,1
2790,2740,1
2790,2750,1
2790,2760,1
2790,2770,1
2790,2790,18
2800,2650,1
2800,2690,1
2800,2740,1
2800,2750,1
2800,2760,1
2800,2770,1
2800,2800,17
2810,2660,1
2810,2700,1
2810,2750,1
2810,2760,1
2810,2770,1
2810,2780,1
2810,2810,17
2820,2670,1
2820,2710,1
2820,2760,1
2820,2770,1
2820,2780,1
2820,2790,2
2820,2820,17
2830,2680,1
2830,2720,1
2830,2770,1
2830,2780,1
2830,2790,1
2830,2800,2
2830,2830,18
2840,2690,1
2840,2730,1
2840,2780,1
2840,2790,1
2840,2800,1
2840,2810,2
2840,2840,18
2850,2700,1
2850,2740,1
2850,2790,1
2850,2800,1
2850,2810,1
2850,2820,2
2850,2850,18
2860,2710,1
2860,2750,1
2860,2800,1
2860,2810,1
2860,2820,1
2860,2830,2
2860,2860,17
2870,2720,1
2870,2760,1
2870,2810,1
2870,2820,1
2870,2830,1
2870,2840,2
2870,2870,18
2880,2730,1
2880,2770,1
2880,2820,1
2880,2830,1
2880,2840,1
2880,2850,2
2880,2880,17
2890,2740,1
2890,2780,1
2890,2830,1
2890,2840,1
2890,2850,1
2890,2860,2
2890,2890,16
2900,2750,1
2900,2790,1
2900,2840,1
2900,2850,1
2900,2860,1
2900,2870,2
2900,2900,17
2910,2760,1
2910,2800,1
2910,2850,1
2910,2860,1
2910,2870,1
2910,2880,2
2910,2910,17
2920,2770,1
2920,2810,1
2920,2830,1
2920,2860,1
2920,2870,1
2920,2880,1
2920,2890,2
2920,2920,16
2930,2780,1
2930,2820,1
2930,2840,1
2930,2870,1
2930,2880,1
2930,2890,1
2930,2900,2
2930,2930,16
2940,2790,1
2940,2830,1
2940,2850,1
2940,2880,1
2940,2890,1
2940,2900,1
2940,2910,2
2940,2940,16
2950,2840,1
2950,2860,1
2950,2890,1
2950,2900,1
2950,2910,1
2950,2920,1
2950,2950,17
2960,2850,2
2960,2870,1
2960,2900,1
2960,2910,1
2960,2930,2
2960,2960,19
2970,2860,1
2970,2880,1
2970,2910,1
2970,2920,1
2970,2940,2
2970,2970,19
2980,2870,1
2980,2890,1
2980,2920,1
2980,2930,1
2980,2950,2
2980,2980,17
2990,2880,1
2990,2900,1
2990,2930,1
2990,2940,1
2990,2960,2
2990,2990,17
3000,2850,1
3000,2890,1
3000,2940,1
3000,2950,1
3000,2970,2
3000,3000,13
3010,2860,1
3010,2900,1
3010,2950,1
3010,2960,1
3010,2980,1
3010,3010,11
3020,2870,1
3020,2910,1
3020,2960,1
3020,2970,1
3020,2990,1
3020,3020,10
3030,2880,1
3030,2920,1
3030,2970,1
3030,2980,1
3030,3000,2
3030,3030,10
3040,2890,1
3040,2930,1
3040,2980,1
3040,2990,1
3040,3010,2
3040,3040,11
3050,2900,1
3050,2940,1
3050,2990,1
3050,3000,1
3050,3020,2
3050,3050,12
3060,2910,1
3060,2950,1
3060,3000,1
3060,3010,1
3060,3030,2
3060,3060,12
3070,2920,1
3070,2960,1
3070,3010,1
3070,3020,1
3070,3040,2
3070,3070,11
3080,2930,1
3080,2970,1
3080,3020,1
3080,3030,1
3080,3050,2
3080,3080,13
3090,2940,1
3090,2980,1
3090,3000,1
3090,3030,1
3090,3040,1
3090,3060,2
3090,3090,12
3100,2950,1
3100,2990,1
3100,3010,1
3100,3040,1
3100,3050,1
3100,3070,2
3100,3100,17
3110,2960,1
3110,3000,1
3110,3020,1
3110,3050,1
3110,3060,1
3110,3080,2
3110,3110,18
3120,2970,1
3120,3010,1
3120,3030,1
3120,3060,1
3120,3070,1
3120,3090,2
3120,3120,15
3130,2980,1
3130,3020,1
3130,3040,1
3130,3070,1
3130,3080,1
3130,3130,17
3140,2990,1
3140,3030,1
3140,3050,1
3140,3080,1
3140,3090,1
3140,3140,18
3150,3000,1
3150,3040,1
3150,3060,1
3150,3090,1
3150,3100,1
3150,3150,15
3160,3010,1
3160,3050,1
3160,3070,1
3160,3100,1
3160,3110,1
3160,3160,14
3170,3020,1
3170,3060,1
3170,3080,1
3170,3120,1
3170,3130,1
3170,3170,14
3180,3030,1
3180,3070,1
3180,3090,1
3180,3130,1
3180,3140,1
3180,3180,16
3190,3040,1
3190,3080,1
3190,3100,1
3190,3140,1
3190,3150,1
3190,3190,16
3200,3050,1
3200,3090,1
3200,3110,1
3200,3150,1
3200,3160,1
3200,3200,16
3210,3060,1
3210,3100,1
3210,3120,1
3210,3160,1
3210,3170,1
3210,3210,16
3220,3070,1
3220,3110,1
3220,3130,1
3220,3170,1
3220,3180,1
3220,3220,19
3230,3080,1
3230,3120,1
3230,3140,1
3230,3180,1
3230,3190,1
3230,3230,19
3240,3090,1
3240,3130,2
3240,3150,1
3240,3190,1
3240,3200,1
3240,3240,14
3250,3100,1
3250,3140,2
3250,3160,1
3250,3200,1
3250,3210,1
3250,3250,15
3260,3110,1
3260,3150,2
3260,3170,1
3260,3200,1
3260,3210,1
3260,3220,1
3260,3230,2
3260,3260,15
3270,3120,1
3270,3160,2
3270,3180,1
3270,3210,1
3270,3220,1
3270,3230,1
3270,3240,2
3270,3270,14
3280,3130,1
3280,3170,2
3280,3190,1
3280,3220,1
3280,3230,1
3280,3240,1
3280,3250,2
3280,3280,12
3290,3140,1
3290,3180,2
3290,3200,1
3290,3230,1
3290,3240,1
3290,3260,2
3290,3290,14
3300,3150,1
3300,3190,2
3300,3240,1
3300,3250,1
3300,3270,2
3300,3300,13
3310,3200,2
3310,3250,1
3310,3260,1
3310,3280,2
3310,3310,13
3320,3210,2
3320,3260,1
3320,3270,1
3320,3290,1
3320,3320,16
3330,3220,2
3330,3270,1
3330,3280,1
3330,3300,1
3330,3330,17
3340,3230,2
3340,3250,1
3340,3280,1
3340,3290,1
3340,3310,1
3340,3340,16
3350,3240,2
3350,3260,1
3350,3290,1
3350,3300,1
3350,3320,1
3350,3350,18
3360,3250,2
3360,3270,1
3360,3300,1
3360,3310,1
3360,3330,1
3360,3360,19
3370,3260,2
3370,3280,1
3370,3310,1
3370,3320,1
3370,3340,1
3370,3370,15
3380,3270,2
3380,3290,1
3380,3320,1
3380,3330,1
3380,3350,1
3380,3380,18
3390,3280,2
3390,3300,1
3390,3330,1
3390,3340,1
3390,3360,1
3390,3390,19
3400,3290,2
3400,3310,1
3400,3340,1
3400,3350,1
3400,3370,1
3400,3400,16
3410,3300,2
3410,3320,1
3410,3350,1
3410,3360,1
3410,3410,16
3420,3310,2
3420,3360,1
3420,3370,1
3420,3420,16
3430,3320,2
3430,3370,1
3430,3380,1
3430,3430,19
3440,3330,2
3440,3380,1
3440,3390,1
3440,3440,18
3450,3300,1
3450,3340,2
3450,3400,1
3450,3450,18
3460,3310,1
3460,3350,2
3460,3400,1
3460,3410,1
3460,3460,18
3470,3320,1
3470,3360,2
3470,3410,1
3470,3420,1
3470,3470,16
3480,3330,1
3480,3370,2
3480,3420,1
3480,3430,1
3480,3480,15
3490,3340,1
3490,3380,1
3490,3430,1
3490,3440,1
3490,3490,14
3500,3350,1
3500,3390,1
3500,3440,1
3500,3450,1
3500,3500,17
3510,3360,1
3510,3400,1
3510,3450,1
3510,3460,1
3510,3510,16
3520,3370,1
3520,3410,1
3520,3460,1
3520,3470,1
3520,3520,16
3530,3380,1
3530,3420,1
3530,3470,1
3530,3480,1
3530,3530,15
3540,3390,1
3540,3430,1
3540,3480,1
3540,3490,1
3540,3540,15
3550,3400,1
3550,3440,1
3550,3490,1
3550,3500,1
3550,3550,14
3560,3410,1
3560,3450,1
3560,3470,1
3560,3500,1
3560,3510,1
3560,3560,16
3570,3420,1
3570,3460,1
3570,3480,1
3570,3510,1
3570,3520,1
3570,3570,16
3580,3430,1
3580,3470,1
3580,3490,1
3580,3520,1
3580,3530,1
3580,3580,16
3590,3440,1
3590,3480,1
3590,3500,1
3590,3530,1
3590,3540,1
3590,3590,14
3600,3450,1
3600,3490,1
3600,3510,1
3600,3540,1
3600,3550,1
3600,3600,14
3610,3460,1
3610,3500,1
3610,3520,1
3610,3550,1
3610,3610,12
3620,3470,1
3620,3510,1
3620,3530,1
3620,3560,1
3620,3620,12
3630,3480,1
3630,3520,1
3630,3540,1
3630,3570,1
3630,3600,2
3630,3630,14
3640,3490,1
3640,3530,1
3640,3550,1
3640,3580,1
3640,3610,2
3640,3640,14
3650,3500,1
3650,3540,1
3650,3560,1
3650,3590,1
3650,3610,1
3650,3620,2
3650,3650,13
3660,3510,1
3660,3550,1
3660,3570,1
3660,3600,1
3660,3620,1
3660,3630,2
3660,3660,13
3670,3520,1
3670,3560,1
3670,3580,1
3670,3630,1
3670,3640,2
3670,3670,13
3680,3530,1
3680,3570,1
3680,3590,1
3680,3640,1
3680,3650,2
3680,3660,1
3680,3680,14
3690,3540,1
3690,3580,1
3690,3600,1
3690,3650,1
3690,3660,2
3690,3670,1
3690,3690,14
3700,3550,1
3700,3590,1
3700,3610,1
3700,3660,1
3700,3670,2
3700,3680,1
3700,3700,13
3710,3560,1
3710,3600,1
3710,3620,1
3710,3670,1
3710,3680,2
3710,3690,1
3710,3710,12
3720,3570,1
3720,3610,1
3720,3630,1
3720,3680,1
3720,3690,2
3720,3700,1
3720,3720,14
3730,3620,1
3730,3640,1
3730,3690,1
3730,3700,2
3730,3710,1
3730,3730,15
3740,3590,1
3740,3630,1
3740,3650,1
3740,3700,1
3740,3710,2
3740,3720,1
3740,3740,15
3750,3600,1
3750,3640,1
3750,3660,1
3750,3710,1
3750,3720,2
3750,3730,1
3750,3750,16
3760,3610,1
3760,3650,1
3760,3670,1
3760,3720,1
3760,3730,2
3760,3740,1
3760,3760,16
3770,3620,1
3770,3660,1
3770,3680,1
3770,3750,1
3770,3770,14
3780,3630,1
3780,3670,1
3780,3690,1
3780,3760,1
3780,3780,15
3790,3640,1
3790,3680,1
3790,3770,1
3790,3790,15
3800,3650,1
3800,3780,1
3800,3800,13
3810,3660,1
3810,3790,1
3810,3810,12
3820,3670,1
3820,3800,1
3820,3820,12
3830,3680,1
3830,3740,1
3830,3810,1
3830,3830,12
3840,3690,1
3840,3750,1
3840,3820,1
3840,3840,15
3850,3700,1
3850,3760,1
3850,3830,1
3850,3850,15
3860,3710,1
3860,3770,1
3860,3840,1
3860,3860,15
3870,3720,1
3870,3780,1
3870,3850,1
3870,3870,14
3880,3730,1
3880,3790,1
3880,3860,1
3880,3880,13
3890,3740,1
3890,3800,1
3890,3870,1
3890,3890,14
3900,3750,1
3900,3810,1
3900,3860,1
3900,3880,1
3900,3900,14
3910,3820,1
3910,3870,1
3910,3890,1
3910,3910,14
3920,3770,1
3920,3830,1
3920,3880,1
3920,3900,1
3920,3920,15
3930,3780,1
3930,3840,1
3930,3890,1
3930,3910,1
3930,3930,15
3940,3790,1
3940,3850,1
3940,3900,1
3940,3920,1
3940,3940,15
3950,3800,1
3950,3860,1
3950,3910,1
3950,3920,1
3950,3930,1
3950,3950,16
3960,3810,1
3960,3870,1
3960,3920,1
3960,3930,1
3960,3960,16
3970,3820,1
3970,3880,1
3970,3930,1
3970,3940,1
3970,3950,1
3970,3970,17
3980,3830,1
3980,3890,1
3980,3930,1
3980,3940,1
3980,3950,1
3980,3960,1
3980,3980,17
3990,3840,1
3990,3900,1
3990,3940,1
3990,3950,1
3990,3960,1
3990,3970,1
3990,3990,17
4000,3850,1
4000,3890,1
4000,3910,1
4000,3960,1
4000,3970,1
4000,3980,1
4000,4000,17
4010,3860,1
4010,3900,1
4010,3920,1
4010,3970,1
4010,3980,2
4010,3990,1
4010,4010,17
4020,3870,1
4020,3910,1
4020,3980,1
4020,3990,2
4020,4000,1
4020,4020,18
4030,3880,1
4030,3920,1
4030,3990,1
4030,4000,2
4030,4010,1
4030,4030,18
4040,3890,1
4040,3950,1
4040,4000,1
4040,4010,2
4040,4020,1
4040,4040,20
4050,3900,1
4050,3940,1
4050,4010,1
4050,4020,2
4050,4030,1
4050,4050,21
4060,3910,1
4060,3950,1
4060,3970,1
4060,4020,1
4060,4030,2
4060,4040,1
4060,4060,21
4070,3920,1
4070,3960,1
4070,3980,1
4070,4020,1
4070,4030,1
4070,4040,2
4070,4050,1
4070,4070,23
4080,3930,1
4080,3970,1
4080,3990,1
4080,4030,1
4080,4040,1
4080,4050,2
4080,4060,1
4080,4080,22
4090,3940,1
4090,3980,1
4090,4000,1
4090,4040,1
4090,4050,1
4090,4060,2
4090,4070,1
4090,4090,22
4100,3950,1
4100,3990,1
4100,4010,1
4100,4040,1
4100,4050,1
4100,4060,1
4100,4070,2
4100,4080,1
4100,4100,21
4110,3960,1
4110,4000,1
4110,4020,1
4110,4050,1
4110,4060,1
4110,4070,1
4110,4080,2
4110,4090,1
4110,4110,18
4120,3970,1
4120,4010,1
4120,4030,1
4120,4060,1
4120,4070,1
4120,4080,1
4120,4090,2
4120,4100,1
4120,4120,19
4130,3980,1
4130,4020,1
4130,4040,1
4130,4070,1
4130,4100,2
4130,4110,1
4130,4130,18
4140,4030,1
4140,4050,1
4140,4080,1
4140,4110,2
4140,4120,1
4140,4140,17
4150,4040,1
4150,4060,1
4150,4090,1
4150,4120,2
4150,4130,1
4150,4150,18
4160,4050,1
4160,4070,1
4160,4100,1
4160,4130,2
4160,4140,1
4160,4160,18
4170,4060,1
4170,4080,1
4170,4110,1
4170,4140,2
4170,4170,18
4180,4070,1
4180,4090,1
4180,4120,1
4180,4130,1
4180,4150,2
4180,4180,17
4190,4080,1
4190,4100,1
4190,4130,1
4190,4140,1
4190,4160,2
4190,4190,17
4200,4090,1
4200,4110,1
4200,4140,1
4200,4150,1
4200,4170,2
4200,4200,17
4210,4060,1
4210,4120,1
4210,4150,1
4210,4160,1
4210,4170,1
4210,4180,2
4210,4210,15
4220,4070,1
4220,4130,1
4220,4160,1
4220,4170,1
4220,4180,1
4220,4190,1
4220,4220,14
4230,4080,1
4230,4120,1
4230,4140,1
4230,4170,1
4230,4180,1
4230,4190,1
4230,4200,1
4230,4230,12
4240,4090,1
4240,4130,1
4240,4150,1
4240,4180,1
4240,4190,1
4240,4200,1
4240,4210,1
4240,4220,1
4240,4240,14
4250,4140,2
4250,4160,1
4250,4190,1
4250,4200,1
4250,4210,1
4250,4220,1
4250,4250,14
4260,4150,2
4260,4170,1
4260,4200,1
4260,4210,1
4260,4220,1
4260,4230,1
4260,4260,13
4270,4160,1
4270,4180,1
4270,4210,1
4270,4220,1
4270,4230,1
4270,4240,1
4270,4270,16
4280,4170,1
4280,4190,1
4280,4220,1
4280,4230,1
4280,4240,1
4280,4250,1
4280,4280,15
4290,4180,1
4290,4200,1
4290,4230,1
4290,4240,1
4290,4250,1
4290,4260,1
4290,4290,14
4300,4190,1
4300,4210,1
4300,4240,1
4300,4250,1
4300,4260,1
4300,4270,1
4300,4300,14
4310,4200,1
4310,4220,1
4310,4250,1
4310,4260,1
4310,4270,1
4310,4280,1
4310,4310,14
4320,4170,1
4320,4210,1
4320,4230,1
4320,4260,1
4320,4270,1
4320,4280,1
4320,4290,1
4320,4320,14
4330,4180,1
4330,4220,2
4330,4240,1
4330,4270,1
4330,4290,1
4330,4300,1
4330,4310,1
4330,4330,14
4340,4190,1
4340,4230,2
4340,4250,1
4340,4280,1
4340,4290,1
4340,4300,1
4340,4310,1
4340,4320,1
4340,4340,14
4350,4200,1
4350,4240,2
4350,4290,1
4350,4300,1
4350,4320,1
4350,4330,1
4350,4350,15
4360,4210,1
4360,4250,2
4360,4300,1
4360,4310,1
4360,4330,1
4360,4340,1
4360,4360,16
4370,4220,1
4370,4260,2
4370,4310,1
4370,4320,1
4370,4340,1
4370,4350,1
4370,4370,16
4380,4230,1
4380,4270,2
4380,4330,1
4380,4350,1
4380,4360,1
4380,4380,18
4390,4240,1
4390,4280,1
4390,4340,1
4390,4360,2
4390,4370,1
4390,4390,18
4400,4250,1
4400,4290,1
4400,4350,1
4400,4370,2
4400,4400,18
4410,4260,1
4410,4300,1
4410,4360,1
4410,4380,2
4410,4410,18
4420,4270,1
4420,4310,1
4420,4370,1
4420,4390,2
4420,4420,18
4430,4280,1
4430,4320,1
4430,4340,1
4430,4380,1
4430,4400,2
4430,4430,19
4440,4290,1
4440,4330,1
4440,4350,1
4440,4390,1
4440,4410,2
4440,4440,21
4450,4300,1
4450,4340,1
4450,4360,1
4450,4420,2
4450,4450,21
4460,4310,1
4460,4350,2
4460,4370,1
4460,4430,2
4460,4460,19
4470,4320,1
4470,4360,2
4470,4380,1
4470,4440,2
4470,4470,19
4480,4330,1
4480,4370,2
4480,4390,1
4480,4450,2
4480,4480,18
4490,4340,1
4490,4380,2
4490,4400,1
4490,4460,2
4490,4490,16
4500,4350,1
4500,4390,2
4500,4410,1
4500,4440,1
4500,4470,2
4500,4500,15
4510,4360,1
4510,4400,2
4510,4420,1
4510,4480,2
4510,4510,17
4520,4370,1
4520,4410,2
4520,4430,1
4520,4490,2
4520,4520,18
4530,4380,1
4530,4420,2
4530,4440,1
4530,4500,2
4530,4530,16
4540,4390,1
4540,4430,2
4540,4450,1
4540,4480,1
4540,4510,1
4540,4540,16
4550,4400,1
4550,4440,2
4550,4460,1
4550,4490,1
4550,4520,1
4550,4550,14
4560,4410,1
4560,4450,2
4560,4470,1
4560,4500,1
4560,4530,1
4560,4560,14
4570,4420,1
4570,4460,2
4570,4480,1
4570,4510,1
4570,4540,1
4570,4570,13
4580,4430,1
4580,4470,2
4580,4490,1
4580,4520,1
4580,4550,1
4580,4580,13
4590,4440,1
4590,4480,2
4590,4530,1
4590,4560,1
4590,4570,1
4590,4590,14
4600,4450,1
4600,4490,2
4600,4540,1
4600,4570,1
4600,4580,1
4600,4600,14
4610,4460,1
4610,4500,2
4610,4520,1
4610,4550,1
4610,4560,1
4610,4580,1
4610,4590,1
4610,4610,16
4620,4470,1
4620,4510,2
4620,4530,1
4620,4560,1
4620,4570,1
4620,4600,1
4620,4620,16
4630,4480,1
4630,4520,2
4630,4540,1
4630,4570,1
4630,4580,1
4630,4610,1
4630,4630,14
4640,4490,1
4640,4530,2
4640,4550,1
4640,4580,1
4640,4590,1
4640,4620,1
4640,4640,15
4650,4500,1
4650,4540,2
4650,4590,1
4650,4600,1
4650,4630,1
4650,4650,15
4660,4510,1
4660,4550,2
4660,4600,1
4660,4610,1
4660,4640,1
4660,4660,13
4670,4520,1
4670,4560,2
4670,4610,1
4670,4620,1
4670,4650,1
4670,4670,14
4680,4530,1
4680,4570,2
4680,4620,1
4680,4630,1
4680,4660,1
4680,4680,15
4690,4540,1
4690,4580,2
4690,4630,1
4690,4640,1
4690,4650,1
4690,4670,1
4690,4690,14
4700,4550,1
4700,4590,2
4700,4640,1
4700,4650,1
4700,4660,1
4700,4680,1
4700,4700,14
4710,4560,1
4710,4600,2
4710,4650,1
4710,4660,1
4710,4670,1
4710,4680,1
4710,4690,1
4710,4710,13
4720,4570,1
4720,4610,2
4720,4660,1
4720,4670,1
4720,4680,1
4720,4690,1
4720,4700,1
4720,4720,13
4730,4580,1
4730,4620,2
4730,4670,1
4730,4690,1
4730,4700,1
4730,4710,1
4730,4730,14
4740,4590,1
4740,4630,2
4740,4680,1
4740,4700,1
4740,4710,1
4740,4720,1
4740,4740,15
4750,4600,1
4750,4640,2
4750,4690,1
4750,4710,1
4750,4720,1
4750,4730,1
4750,4750,17
4760,4610,1
4760,4650,1
4760,4700,1
4760,4720,1
4760,4730,1
4760,4740,1
4760,4760,17
4770,4620,1
4770,4660,2
4770,4710,1
4770,4730,1
4770,4740,1
4770,4750,1
4770,4770,17
4780,4630,1
4780,4670,2
4780,4720,1
4780,4740,1
4780,4750,1
4780,4760,1
4780,4780,14
4790,4640,1
4790,4680,2
4790,4730,1
4790,4740,1
4790,4750,1
4790,4760,1
4790,4770,1
4790,4790,14
4800,4650,1
4800,4690,2
4800,4740,1
4800,4750,1
4800,4760,1
4800,4770,1
4800,4780,1
4800,4800,14
4810,4660,1
4810,4700,2
4810,4750,1
4810,4760,1
4810,4770,1
4810,4780,1
4810,4790,1
4810,4810,16
4820,4670,1
4820,4710,2
4820,4760,1
4820,4770,1
4820,4780,1
4820,4790,1
4820,4800,1
4820,4820,18
4830,4680,1
4830,4720,2
4830,4770,1
4830,4780,1
4830,4790,1
4830,4800,1
4830,4810,1
4830,4830,18
4840,4690,1
4840,4730,2
4840,4780,1
4840,4790,1
4840,4800,1
4840,4810,1
4840,4820,1
4840,4840,18
4850,4700,1
4850,4740,1
4850,4790,1
4850,4800,1
4850,4810,1
4850,4820,1
4850,4830,1
4850,4850,19
4860,4710,1
4860,4750,1
4860,4800,1
4860,4820,1
4860,4830,1
4860,4840,1
4860,4860,18
4870,4720,1
4870,4760,1
4870,4810,1
4870,4830,1
4870,4840,1
4870,4850,1
4870,4870,18
4880,4730,1
4880,4770,1
4880,4820,1
4880,4840,1
4880,4850,1
4880,4860,1
4880,4880,17
4890,4740,1
4890,4780,1
4890,4830,1
4890,4850,1
4890,4860,1
4890,4870,1
4890,4890,18
4900,4750,1
4900,4790,1
4900,4840,1
4900,4860,1
4900,4870,1
4900,4880,1
4900,4900,19
4910,4760,1
4910,4800,1
4910,4850,1
4910,4860,1
4910,4870,1
4910,4880,1
4910,4890,1
4910,4910,20
4920,4770,1
4920,4810,1
4920,4860,1
4920,4880,1
4920,4890,1
4920,4900,1
4920,4920,17
4930,4780,1
4930,4820,1
4930,4870,1
4930,4890,1
4930,4900,1
4930,4910,1
4930,4930,19
4940,4790,1
4940,4830,1
4940,4880,1
4940,4900,1
4940,4910,1
4940,4920,1
4940,4940,21
4950,4800,1
4950,4840,1
4950,4860,1
4950,4890,1
4950,4910,1
4950,4920,1
4950,4930,1
4950,4950,20
4960,4810,1
4960,4850,1
4960,4870,1
4960,4900,1
4960,4920,1
4960,4930,1
4960,4940,1
4960,4960,18
4970,4820,1
4970,4860,1
4970,4880,1
4970,4930,1
4970,4940,1
4970,4950,1
4970,4970,21
4980,4830,1
4980,4870,1
4980,4890,1
4980,4940,1
4980,4950,1
4980,4960,1
4980,4980,21
4990,4840,1
4990,4880,1
4990,4900,1
4990,4950,1
4990,4960,1
4990,4970,1
4990,4990,20
