Frame,ClusterID,Charge,Lifetime
0,132-440-464,1,-1
0,50-129-211,1,-1
0,160-220-262,2,-1
10,81-85-376,1,7
10,158-323-429,1,2
10,79-191-251,2,4
10,35-440-464,1,3
10,135-470-498,1,3
20,79-191-251,2,14
20,160-220-381,1,17
20,75-100-472,2,8
20,158-323-429,1,12
30,158-323-429,1,22
30,75-100-472,2,18
30,160-220-381,1,27
30,79-191-251,2,24
30,35-440-464,1,23
40,158-323-429,1,32
40,75-100-472,2,28
40,160-220-381,1,37
40,79-191-251,2,34
40,35-440-464,1,33
50,158-323-429,1,42
50,75-100-472,2,38
50,160-220-381,1,47
50,79-191-251,2,44
50,35-440-464,1,43
60,158-323-429,1,52
60,75-100-472,2,48
60,160-220-381,1,57
60,79-191-251,2,54
60,35-440-464,1,53
70,158-323-429,1,62
70,75-100-472,2,58
70,160-220-381,1,67
70,79-191-251,2,64
70,35-440-464,1,63
80,158-323-429,1,72
80,75-100-472,2,68
80,160-220-381,1,77
80,79-191-251,2,74
80,35-440-464,1,73
90,158-323-429,1,82
90,75-100-472,2,78
90,160-220-381,1,87
90,79-191-251,2,84
90,35-440-464,1,83
100,158-323-429,1,92
100,75-100-472,2,88
100,160-220-381,1,97
100,79-191-251,2,94
100,35-440-464,1,93
110,158-323-429,1,102
110,75-100-472,2,98
110,160-220-381,1,107
110,79-191-251,2,104
110,35-440-464,1,103
120,158-323-429,1,112
120,75-100-472,2,108
120,160-220-381,1,117
120,79-191-251,2,114
120,35-440-464,1,113
130,158-323-429,1,122
130,75-100-472,2,118
130,160-220-381,1,127
130,79-191-251,2,124
130,35-440-464,1,123
140,158-323-429,1,132
140,75-100-472,2,128
140,160-220-381,1,137
140,79-191-251,2,134
140,35-440-464,1,133
150,158-323-429,1,142
150,75-100-472,2,138
150,160-220-381,1,147
150,79-191-251,2,144
150,35-440-464,1,143
160,158-323-429,1,152
160,75-100-472,2,148
160,160-220-381,1,157
160,79-191-251,2,154
160,35-440-464,1,153
170,158-323-429,1,162
170,75-100-472,2,158
170,160-220-381,1,167
170,79-191-251,2,164
170,35-440-464,1,163
180,158-323-429,1,172
180,75-100-472,2,168
180,160-220-381,1,177
180,79-191-251,2,174
180,35-440-464,1,173
190,158-323-429,1,182
190,75-100-472,2,178
190,160-220-381,1,187
190,79-191-251,2,184
190,35-440-464,1,183
200,158-323-429,1,192
200,75-100-472,2,188
200,160-220-381,1,197
200,79-191-251,2,194
200,35-440-464,1,193
210,158-323-429,1,202
210,75-100-472,2,198
210,160-220-381,1,207
210,79-191-251,2,204
210,35-440-464,1,203
220,158-323-429,1,212
220,75-100-472,2,208
220,160-220-381,1,217
220,79-191-251,2,214
220,35-440-464,1,213
230,158-323-429,1,222
230,75-100-472,2,218
230,160-220-381,1,227
230,79-191-251,2,224
230,35-440-464,1,223
240,158-323-429,1,232
240,75-100-472,2,228
240,160-220-381,1,237
240,79-191-251,2,234
240,35-440-464,1,233
250,158-323-429,1,242
250,75-100-472,2,238
250,160-220-381,1,247
250,79-191-251,2,244
250,35-440-464,1,243
260,158-323-429,1,252
260,75-100-472,2,248
260,160-220-381,1,257
260,79-191-251,2,254
260,35-440-464,1,253
270,158-323-429,1,262
270,75-100-472,2,258
270,160-220-381,1,267
270,79-191-251,2,264
270,35-440-464,1,263
280,158-323-429,1,272
280,75-100-472,2,268
280,160-220-381,1,277
280,79-191-251,2,274
280,35-440-464,1,273
290,158-323-429,1,282
290,75-100-472,2,278
290,160-220-381,1,287
290,79-191-251,2,284
290,35-440-464,1,283
300,158-323-429,1,292
300,75-100-472,2,288
300,160-220-381,1,297
300,79-191-251,2,294
300,35-440-464,1,293
310,158-323-429,1,302
310,75-100-472,2,298
310,160-220-381,1,307
310,79-191-251,2,304
310,35-440-464,1,303
320,158-323-429,1,312
320,75-100-472,2,308
320,160-220-381,1,317
320,79-191-251,2,314
320,35-440-464,1,313
330,158-323-429,1,322
330,75-100-472,2,318
330,160-220-381,1,327
330,79-191-251,2,324
330,35-440-464,1,323
340,158-323-429,1,332
340,75-100-472,2,328
340,160-220-381,1,337
340,79-191-251,2,334
340,35-440-464,1,333
350,158-323-429,1,342
350,75-100-472,2,338
350,160-220-381,1,347
350,79-191-251,2,344
350,35-440-464,1,343
360,158-323-429,1,352
360,75-100-472,2,348
360,160-220-381,1,357
360,79-191-251,2,354
360,35-440-464,1,353
370,158-323-429,1,362
370,75-100-472,2,358
370,160-220-381,1,367
370,79-191-251,2,364
370,35-440-464,1,363
380,158-323-429,1,372
380,75-100-472,2,368
380,160-220-381,1,377
380,79-191-251,2,374
380,35-440-464,1,373
390,158-323-429,1,382
390,75-100-472,2,378
390,160-220-381,1,387
390,79-191-251,2,384
390,35-440-464,1,383
400,158-323-429,1,392
400,75-100-472,2,388
400,160-220-381,1,397
400,79-191-251,2,394
400,35-440-464,1,393
410,158-323-429,1,402
410,75-100-472,2,398
410,160-220-381,1,407
410,79-191-251,2,404
410,35-440-464,1,403
420,158-323-429,1,412
420,75-100-472,2,408
420,160-220-381,1,417
420,79-191-251,2,414
420,35-440-464,1,413
430,158-323-429,1,422
430,75-100-472,2,418
430,160-220-381,1,427
430,79-191-251,2,424
430,35-440-464,1,423
440,158-323-429,1,432
440,75-100-472,2,428
440,160-220-381,1,437
440,79-191-251,2,434
440,35-440-464,1,433
450,158-323-429,1,442
450,75-100-472,2,438
450,160-220-381,1,447
450,79-191-251,2,444
450,35-440-464,1,443
460,158-323-429,1,452
460,75-100-472,2,448
460,160-220-381,1,457
460,79-191-251,2,454
460,35-440-464,1,453
470,158-323-429,1,462
470,75-100-472,2,458
470,160-220-381,1,467
470,79-191-251,2,464
470,35-440-464,1,463
480,158-323-429,1,472
480,75-100-472,2,468
480,160-220-381,1,477
480,79-191-251,2,474
480,35-440-464,1,473
490,158-323-429,1,482
490,75-100-472,2,478
490,160-220-381,1,487
490,79-191-251,2,484
490,35-440-464,1,483
500,158-323-429,1,492
500,75-100-472,2,488
500,160-220-381,1,497
500,79-191-251,2,494
500,35-440-464,1,493
510,158-323-429,1,502
510,75-100-472,2,498
510,160-220-381,1,507
510,79-191-251,2,504
510,35-440-464,1,503
520,158-323-429,1,512
520,75-100-472,2,508
520,160-220-381,1,517
520,79-191-251,2,514
520,35-440-464,1,513
530,158-323-429,1,522
530,75-100-472,2,518
530,160-220-381,1,527
530,79-191-251,2,524
530,35-440-464,1,523
540,158-323-429,1,532
540,75-100-472,2,528
540,160-220-381,1,537
540,79-191-251,2,534
540,35-440-464,1,533
550,158-323-429,1,542
550,75-100-472,2,538
550,160-220-381,1,547
550,79-191-251,2,544
550,35-440-464,1,543
560,158-323-429,1,552
560,75-100-472,2,548
560,160-220-381,1,557
560,79-191-251,2,554
560,35-440-464,1,553
570,158-323-429,1,562
570,75-100-472,2,558
570,160-220-381,1,567
570,79-191-251,2,564
570,35-440-464,1,563
580,158-323-429,1,572
580,75-100-472,2,568
580,160-220-381,1,577
580,79-191-251,2,574
580,35-440-464,1,573
590,158-323-429,1,582
590,75-100-472,2,578
590,160-220-381,1,587
590,79-191-251,2,584
590,35-440-464,1,583
600,158-323-429,1,592
600,75-100-472,2,588
600,160-220-381,1,597
600,79-191-251,2,594
600,35-440-464,1,593
610,158-323-429,1,602
610,75-100-472,2,598
610,160-220-381,1,607
610,79-191-251,2,604
610,35-440-464,1,603
620,158-323-429,1,612
620,75-100-472,2,608
620,160-220-381,1,617
620,79-191-251,2,614
620,35-440-464,1,613
630,158-323-429,1,622
630,75-100-472,2,618
630,160-220-381,1,627
630,79-191-251,2,624
630,35-440-464,1,623
640,158-323-429,1,632
640,75-100-472,2,628
640,160-220-381,1,637
640,79-191-251,2,634
640,35-440-464,1,633
650,158-323-429,1,642
650,75-100-472,2,638
650,160-220-381,1,647
650,79-191-251,2,644
650,35-440-464,1,643
660,158-323-429,1,652
660,75-100-472,2,648
660,160-220-381,1,657
660,79-191-251,2,654
660,35-440-464,1,653
670,158-323-429,1,662
670,75-100-472,2,658
670,160-220-381,1,667
670,79-191-251,2,664
670,35-440-464,1,663
680,158-323-429,1,672
680,75-100-472,2,668
680,160-220-381,1,677
680,79-191-251,2,674
680,35-440-464,1,673
690,158-323-429,1,682
690,75-100-472,2,678
690,160-220-381,1,687
690,79-191-251,2,684
690,35-440-464,1,683
700,158-323-429,1,692
700,75-100-472,2,688
700,160-220-381,1,697
700,79-191-251,2,694
700,35-440-464,1,693
710,158-323-429,1,702
710,75-100-472,2,698
710,160-220-381,1,707
710,79-191-251,2,704
710,35-440-464,1,703
720,158-323-429,1,712
720,75-100-472,2,708
720,160-220-381,1,717
720,79-191-251,2,714
720,35-440-464,1,713
730,158-323-429,1,722
730,75-100-472,2,718
730,160-220-381,1,727
730,79-191-251,2,724
730,35-440-464,1,723
740,158-323-429,1,732
740,75-100-472,2,728
740,160-220-381,1,737
740,79-191-251,2,734
740,35-440-464,1,733
750,158-323-429,1,742
750,75-100-472,2,738
750,160-220-381,1,747
750,79-191-251,2,744
750,35-440-464,1,743
760,158-323-429,1,752
760,75-100-472,2,748
760,160-220-381,1,757
760,79-191-251,2,754
760,35-440-464,1,753
770,158-323-429,1,762
770,75-100-472,2,758
770,160-220-381,1,767
770,79-191-251,2,764
770,35-440-464,1,763
780,158-323-429,1,772
780,75-100-472,2,768
780,160-220-381,1,777
780,79-191-251,2,774
780,35-440-464,1,773
790,158-323-429,1,782
790,75-100-472,2,778
790,160-220-381,1,787
790,79-191-251,2,784
790,35-440-464,1,783
800,158-323-429,1,792
800,75-100-472,2,788
800,160-220-381,1,797
800,79-191-251,2,794
800,35-440-464,1,793
810,158-323-429,1,802
810,75-100-472,2,798
810,160-220-381,1,807
810,79-191-251,2,804
810,35-440-464,1,803
820,158-323-429,1,812
820,75-100-472,2,808
820,160-220-381,1,817
820,79-191-251,2,814
820,35-440-464,1,813
830,158-323-429,1,822
830,75-100-472,2,818
830,160-220-381,1,827
830,79-191-251,2,824
830,35-440-464,1,823
840,158-323-429,1,832
840,75-100-472,2,828
840,160-220-381,1,837
840,79-191-251,2,834
840,35-440-464,1,833
850,158-323-429,1,842
850,75-100-472,2,838
850,160-220-381,1,847
850,79-191-251,2,844
850,35-440-464,1,843
860,158-323-429,1,852
860,75-100-472,2,848
860,160-220-381,1,857
860,79-191-251,2,854
860,35-440-464,1,853
870,158-323-429,1,862
870,75-100-472,2,858
870,160-220-381,1,867
870,79-191-251,2,864
870,35-440-464,1,863
880,158-323-429,1,872
880,75-100-472,2,868
880,160-220-381,1,877
880,79-191-251,2,874
880,35-440-464,1,873
890,158-323-429,1,882
890,75-100-472,2,878
890,160-220-381,1,887
890,79-191-251,2,884
890,35-440-464,1,883
900,158-323-429,1,892
900,75-100-472,2,888
900,160-220-381,1,897
900,79-191-251,2,894
900,35-440-464,1,893
910,158-323-429,1,902
910,75-100-472,2,898
910,160-220-381,1,907
910,79-191-251,2,904
910,35-440-464,1,903
920,158-323-429,1,912
920,75-100-472,2,908
920,160-220-381,1,917
920,79-191-251,2,914
920,35-440-464,1,913
930,158-323-429,1,922
930,75-100-472,2,918
930,160-220-381,1,927
930,79-191-251,2,924
930,35-440-464,1,923
940,158-323-429,1,932
940,75-100-472,2,928
940,160-220-381,1,937
940,79-191-251,2,934
940,35-440-464,1,933
950,158-323-429,1,942
950,75-100-472,2,938
950,160-220-381,1,947
950,79-191-251,2,944
950,35-440-464,1,943
960,158-323-429,1,952
960,75-100-472,2,948
960,160-220-381,1,957
960,79-191-251,2,954
960,35-440-464,1,953
970,158-323-429,1,962
970,75-100-472,2,958
970,160-220-381,1,967
970,79-191-251,2,964
970,35-440-464,1,963
980,158-323-429,1,972
980,75-100-472,2,968
980,160-220-381,1,977
980,79-191-251,2,974
980,35-440-464,1,973
990,158-323-429,1,982
990,75-100-472,2,978
990,160-220-381,1,987
990,79-191-251,2,984
990,35-440-464,1,983
1000,158-323-429,1,992
1000,75-100-472,2,988
1000,160-220-381,1,997
1000,79-191-251,2,994
1000,35-440-464,1,993
1010,158-323-429,1,1002
1010,75-100-472,2,998
1010,160-220-381,1,1007
1010,79-191-251,2,1004
1010,35-440-464,1,1003
1020,158-323-429,1,1012
1020,75-100-472,2,1008
1020,160-220-381,1,1017
1020,79-191-251,2,1014
1020,35-440-464,1,1013
1030,158-323-429,1,1022
1030,75-100-472,2,1018
1030,160-220-381,1,1027
1030,79-191-251,2,1024
1030,35-440-464,1,1023
1040,158-323-429,1,1032
1040,75-100-472,2,1028
1040,160-220-381,1,1037
1040,79-191-251,2,1034
1040,35-440-464,1,1033
1050,158-323-429,1,1042
1050,75-100-472,2,1038
1050,160-220-381,1,1047
1050,79-191-251,2,1044
1050,35-440-464,1,1043
1060,158-323-429,1,1052
1060,75-100-472,2,1048
1060,160-220-381,1,1057
1060,79-191-251,2,1054
1060,35-440-464,1,1053
1070,158-323-429,1,1062
1070,75-100-472,2,1058
1070,160-220-381,1,1067
1070,79-191-251,2,1064
1070,35-440-464,1,1063
1080,158-323-429,1,1072
1080,75-100-472,2,1068
1080,160-220-381,1,1077
1080,79-191-251,2,1074
1080,35-440-464,1,1073
1090,158-323-429,1,1082
1090,75-100-472,2,1078
1090,160-220-381,1,1087
1090,79-191-251,2,1084
1090,35-440-464,1,1083
1100,158-323-429,1,1092
1100,75-100-472,2,1088
1100,160-220-381,1,1097
1100,79-191-251,2,1094
1100,35-440-464,1,1093
1110,158-323-429,1,1102
1110,75-100-472,2,1098
1110,160-220-381,1,1107
1110,79-191-251,2,1104
1110,35-440-464,1,1103
1120,158-323-429,1,1112
1120,75-100-472,2,1108
1120,160-220-381,1,1117
1120,79-191-251,2,1114
1120,35-440-464,1,1113
1130,158-323-429,1,1122
1130,75-100-472,2,1118
1130,160-220-381,1,1127
1130,79-191-251,2,1124
1130,35-440-464,1,1123
1140,158-323-429,1,1132
1140,75-100-472,2,1128
1140,160-220-381,1,1137
1140,79-191-251,2,1134
1140,35-440-464,1,1133
1150,158-323-429,1,1142
1150,75-100-472,2,1138
1150,160-220-381,1,1147
1150,79-191-251,2,1144
1150,35-440-464,1,1143
1160,158-323-429,1,1152
1160,75-100-472,2,1148
1160,160-220-381,1,1157
1160,79-191-251,2,1154
1160,35-440-464,1,1153
1170,158-323-429,1,1162
1170,75-100-472,2,1158
1170,160-220-381,1,1167
1170,79-191-251,2,1164
1170,35-440-464,1,1163
1180,158-323-429,1,1172
1180,75-100-472,2,1168
1180,160-220-381,1,1177
1180,79-191-251,2,1174
1180,35-440-464,1,1173
1190,158-323-429,1,1182
1190,75-100-472,2,1178
1190,160-220-381,1,1187
1190,79-191-251,2,1184
1190,35-440-464,1,1183
1200,158-323-429,1,1192
1200,75-100-472,2,1188
1200,160-220-381,1,1197
1200,79-191-251,2,1194
1200,35-440-464,1,1193
1210,158-323-429,1,1202
1210,75-100-472,2,1198
1210,160-220-381,1,1207
1210,79-191-251,2,1204
1210,35-440-464,1,1203
1220,158-323-429,1,1212
1220,75-100-472,2,1208
1220,160-220-381,1,1217
1220,79-191-251,2,1214
1220,35-440-464,1,1213
1230,158-323-429,1,1222
1230,75-100-472,2,1218
1230,160-220-381,1,1227
1230,79-191-251,2,1224
1230,35-440-464,1,1223
1240,158-323-429,1,1232
1240,75-100-472,2,1228
1240,160-220-381,1,1237
1240,79-191-251,2,1234
1240,35-440-464,1,1233
1250,158-323-429,1,1242
1250,75-100-472,2,1238
1250,160-220-381,1,1247
1250,79-191-251,2,1244
1250,35-440-464,1,1243
1260,158-323-429,1,1252
1260,75-100-472,2,1248
1260,160-220-381,1,1257
1260,79-191-251,2,1254
1260,35-440-464,1,1253
1270,158-323-429,1,1262
1270,75-100-472,2,1258
1270,160-220-381,1,1267
1270,79-191-251,2,1264
1270,35-440-464,1,1263
1280,158-323-429,1,1272
1280,75-100-472,2,1268
1280,160-220-381,1,1277
1280,79-191-251,2,1274
1280,35-440-464,1,1273
1290,158-323-429,1,1282
1290,75-100-472,2,1278
1290,160-220-381,1,1287
1290,79-191-251,2,1284
1290,35-440-464,1,1283
1300,158-323-429,1,1292
1300,75-100-472,2,1288
1300,160-220-381,1,1297
1300,79-191-251,2,1294
1300,35-440-464,1,1293
1310,158-323-429,1,1302
1310,75-100-472,2,1298
1310,160-220-381,1,1307
1310,79-191-251,2,1304
1310,35-440-464,1,1303
1320,158-323-429,1,1312
1320,75-100-472,2,1308
1320,160-220-381,1,1317
1320,79-191-251,2,1314
1320,35-440-464,1,1313
1330,158-323-429,1,1322
1330,75-100-472,2,1318
1330,160-220-381,1,1327
1330,79-191-251,2,1324
1330,35-440-464,1,1323
1340,158-323-429,1,1332
1340,75-100-472,2,1328
1340,160-220-381,1,1337
1340,79-191-251,2,1334
1340,35-440-464,1,1333
1350,158-323-429,1,1342
1350,75-100-472,2,1338
1350,160-220-381,1,1347
1350,79-191-251,2,1344
1350,35-440-464,1,1343
1360,158-323-429,1,1352
1360,75-100-472,2,1348
1360,160-220-381,1,1357
1360,79-191-251,2,1354
1360,35-440-464,1,1353
1370,158-323-429,1,1362
1370,75-100-472,2,1358
1370,160-220-381,1,1367
1370,79-191-251,2,1364
1370,35-440-464,1,1363
1380,158-323-429,1,1372
1380,75-100-472,2,1368
1380,160-220-381,1,1377
1380,79-191-251,2,1374
1380,35-440-464,1,1373
1390,158-323-429,1,1382
1390,75-100-472,2,1378
1390,160-220-381,1,1387
1390,79-191-251,2,1384
1390,35-440-464,1,1383
1400,158-323-429,1,1392
1400,75-100-472,2,1388
1400,160-220-381,1,1397
1400,79-191-251,2,1394
1400,35-440-464,1,1393
1410,158-323-429,1,1402
1410,75-100-472,2,1398
1410,160-220-381,1,1407
1410,79-191-251,2,1404
1410,35-440-464,1,1403
1420,158-323-429,1,1412
1420,75-100-472,2,1408
1420,160-220-381,1,1417
1420,79-191-251,2,1414
1420,35-440-464,1,1413
1430,158-323-429,1,1422
1430,75-100-472,2,1418
1430,160-220-381,1,1427
1430,79-191-251,2,1424
1430,35-440-464,1,1423
1440,158-323-429,1,1432
1440,75-100-472,2,1428
1440,160-220-381,1,1437
1440,79-191-251,2,1434
1440,35-440-464,1,1433
1450,158-323-429,1,1442
1450,75-100-472,2,1438
1450,160-220-381,1,1447
1450,79-191-251,2,1444
1450,35-440-464,1,1443
1460,158-323-429,1,1452
1460,75-100-472,2,1448
1460,160-220-381,1,1457
1460,79-191-251,2,1454
1460,35-440-464,1,1453
1470,158-323-429,1,1462
1470,75-100-472,2,1458
1470,160-220-381,1,1467
1470,79-191-251,2,1464
1470,35-440-464,1,1463
1480,158-323-429,1,1472
1480,75-100-472,2,1468
1480,160-220-381,1,1477
1480,79-191-251,2,1474
1480,35-440-464,1,1473
1490,158-323-429,1,1482
1490,75-100-472,2,1478
1490,160-220-381,1,1487
1490,79-191-251,2,1484
1490,35-440-464,1,1483
1500,158-323-429,1,1492
1500,75-100-472,2,1488
1500,160-220-381,1,1497
1500,79-191-251,2,1494
1500,35-440-464,1,1493
1510,158-323-429,1,1502
1510,75-100-472,2,1498
1510,160-220-381,1,1507
1510,79-191-251,2,1504
1510,35-440-464,1,1503
1520,158-323-429,1,1512
1520,75-100-472,2,1508
1520,160-220-381,1,1517
1520,79-191-251,2,1514
1520,35-440-464,1,1513
1530,158-323-429,1,1522
1530,75-100-472,2,1518
1530,160-220-381,1,1527
1530,79-191-251,2,1524
1530,35-440-464,1,1523
1540,158-323-429,1,1532
1540,75-100-472,2,1528
1540,160-220-381,1,1537
1540,79-191-251,2,1534
1540,35-440-464,1,1533
1550,158-323-429,1,1542
1550,75-100-472,2,1538
1550,160-220-381,1,1547
1550,79-191-251,2,1544
1550,35-440-464,1,1543
1560,158-323-429,1,1552
1560,75-100-472,2,1548
1560,160-220-381,1,1557
1560,79-191-251,2,1554
1560,35-440-464,1,1553
1570,158-323-429,1,1562
1570,75-100-472,2,1558
1570,160-220-381,1,1567
1570,79-191-251,2,1564
1570,35-440-464,1,1563
1580,158-323-429,1,1572
1580,75-100-472,2,1568
1580,160-220-381,1,1577
1580,79-191-251,2,1574
1580,35-440-464,1,1573
1590,158-323-429,1,1582
1590,75-100-472,2,1578
1590,160-220-381,1,1587
1590,79-191-251,2,1584
1590,35-440-464,1,1583
1600,158-323-429,1,1592
1600,75-100-472,2,1588
1600,160-220-381,1,1597
1600,79-191-251,2,1594
1600,35-440-464,1,1593
1610,158-323-429,1,1602
1610,75-100-472,2,1598
1610,160-220-381,1,1607
1610,79-191-251,2,1604
1610,35-440-464,1,1603
1620,158-323-429,1,1612
1620,75-100-472,2,1608
1620,160-220-381,1,1617
1620,79-191-251,2,1614
1620,35-440-464,1,1613
1630,158-323-429,1,1622
1630,75-100-472,2,1618
1630,160-220-381,1,1627
1630,79-191-251,2,1624
1630,35-440-464,1,1623
1640,158-323-429,1,1632
1640,75-100-472,2,1628
1640,160-220-381,1,1637
1640,79-191-251,2,1634
1640,35-440-464,1,1633
1650,158-323-429,1,1642
1650,75-100-472,2,1638
1650,160-220-381,1,1647
1650,79-191-251,2,1644
1650,35-440-464,1,1643
1660,158-323-429,1,1652
1660,75-100-472,2,1648
1660,160-220-381,1,1657
1660,79-191-251,2,1654
1660,35-440-464,1,1653
1670,158-323-429,1,1662
1670,75-100-472,2,1658
1670,160-220-381,1,1667
1670,79-191-251,2,1664
1670,35-440-464,1,1663
1680,158-323-429,1,1672
1680,75-100-472,2,1668
1680,160-220-381,1,1677
1680,79-191-251,2,1674
1680,35-440-464,1,1673
1690,158-323-429,1,1682
1690,75-100-472,2,1678
1690,160-220-381,1,1687
1690,79-191-251,2,1684
1690,35-440-464,1,1683
1700,158-323-429,1,1692
1700,75-100-472,2,1688
1700,160-220-381,1,1697
1700,79-191-251,2,1694
1700,35-440-464,1,1693
1710,158-323-429,1,1702
1710,75-100-472,2,1698
1710,160-220-381,1,1707
1710,79-191-251,2,1704
1710,35-440-464,1,1703
1720,158-323-429,1,1712
1720,75-100-472,2,1708
1720,160-220-381,1,1717
1720,79-191-251,2,1714
1720,35-440-464,1,1713
1730,158-323-429,1,1722
1730,75-100-472,2,1718
1730,160-220-381,1,1727
1730,79-191-251,2,1724
1730,35-440-464,1,1723
1740,158-323-429,1,1732
1740,75-100-472,2,1728
1740,160-220-381,1,1737
1740,79-191-251,2,1734
1740,35-440-464,1,1733
1750,158-323-429,1,1742
1750,75-100-472,2,1738
1750,160-220-381,1,1747
1750,79-191-251,2,1744
1750,35-440-464,1,1743
1760,158-323-429,1,1752
1760,75-100-472,2,1748
1760,160-220-381,1,1757
1760,79-191-251,2,1754
1760,35-440-464,1,1753
1770,158-323-429,1,1762
1770,75-100-472,2,1758
1770,160-220-381,1,1767
1770,79-191-251,2,1764
1770,35-440-464,1,1763
1780,158-323-429,1,1772
1780,75-100-472,2,1768
1780,160-220-381,1,1777
1780,79-191-251,2,1774
1780,35-440-464,1,1773
1790,158-323-429,1,1782
1790,75-100-472,2,1778
1790,160-220-381,1,1787
1790,79-191-251,2,1784
1790,35-440-464,1,1783
1800,158-323-429,1,1792
1800,75-100-472,2,1788
1800,160-220-381,1,1797
1800,79-191-251,2,1794
1800,35-440-464,1,1793
1810,158-323-429,1,1802
1810,75-100-472,2,1798
1810,160-220-381,1,1807
1810,79-191-251,2,1804
1810,35-440-464,1,1803
1820,158-323-429,1,1812
1820,75-100-472,2,1808
1820,160-220-381,1,1817
1820,79-191-251,2,1814
1820,35-440-464,1,1813
1830,158-323-429,1,1822
1830,75-100-472,2,1818
1830,160-220-381,1,1827
1830,79-191-251,2,1824
1830,35-440-464,1,1823
1840,158-323-429,1,1832
1840,75-100-472,2,1828
1840,160-220-381,1,1837
1840,79-191-251,2,1834
1840,35-440-464,1,1833
1850,158-323-429,1,1842
1850,75-100-472,2,1838
1850,160-220-381,1,1847
1850,79-191-251,2,1844
1850,35-440-464,1,1843
1860,158-323-429,1,1852
1860,75-100-472,2,1848
1860,160-220-381,1,1857
1860,79-191-251,2,1854
1860,35-440-464,1,1853
1870,158-323-429,1,1862
1870,75-100-472,2,1858
1870,160-220-381,1,1867
1870,79-191-251,2,1864
1870,35-440-464,1,1863
1880,158-323-429,1,1872
1880,75-100-472,2,1868
1880,160-220-381,1,1877
1880,79-191-251,2,1874
1880,35-440-464,1,1873
1890,158-323-429,1,1882
1890,75-100-472,2,1878
1890,160-220-381,1,1887
1890,79-191-251,2,1884
1890,35-440-464,1,1883
1900,158-323-429,1,1892
1900,75-100-472,2,1888
1900,160-220-381,1,1897
1900,79-191-251,2,1894
1900,35-440-464,1,1893
1910,158-323-429,1,1902
1910,75-100-472,2,1898
1910,160-220-381,1,1907
1910,79-191-251,2,1904
1910,35-440-464,1,1903
1920,158-323-429,1,1912
1920,75-100-472,2,1908
1920,160-220-381,1,1917
1920,79-191-251,2,1914
1920,35-440-464,1,1913
1930,158-323-429,1,1922
1930,75-100-472,2,1918
1930,160-220-381,1,1927
1930,79-191-251,2,1924
1930,35-440-464,1,1923
1940,158-323-429,1,1932
1940,75-100-472,2,1928
1940,160-220-381,1,1937
1940,79-191-251,2,1934
1940,35-440-464,1,1933
1950,158-323-429,1,1942
1950,75-100-472,2,1938
1950,160-220-381,1,1947
1950,79-191-251,2,1944
1950,35-440-464,1,1943
1960,158-323-429,1,1952
1960,75-100-472,2,1948
1960,160-220-381,1,1957
1960,79-191-251,2,1954
1960,35-440-464,1,1953
1970,158-323-429,1,1962
1970,75-100-472,2,1958
1970,160-220-381,1,1967
1970,79-191-251,2,1964
1970,35-440-464,1,1963
1980,158-323-429,1,1972
1980,75-100-472,2,1968
1980,160-220-381,1,1977
1980,79-191-251,2,1974
1980,35-440-464,1,1973
1990,158-323-429,1,1982
1990,75-100-472,2,1978
1990,160-220-381,1,1987
1990,79-191-251,2,1984
1990,35-440-464,1,1983
2000,158-323-429,1,1992
2000,75-100-472,2,1988
2000,160-220-381,1,1997
2000,79-191-251,2,1994
2000,35-440-464,1,1993
2010,158-323-429,1,2002
2010,75-100-472,2,1998
2010,160-220-381,1,2007
2010,79-191-251,2,2004
2010,35-440-464,1,2003
2020,158-323-429,1,2012
2020,75-100-472,2,2008
2020,160-220-381,1,2017
2020,79-191-251,2,2014
2020,35-440-464,1,2013
2030,158-323-429,1,2022
2030,75-100-472,2,2018
2030,160-220-381,1,2027
2030,79-191-251,2,2024
2030,35-440-464,1,2023
2040,158-323-429,1,2032
2040,75-100-472,2,2028
2040,160-220-381,1,2037
2040,79-191-251,2,2034
2040,35-440-464,1,2033
2050,158-323-429,1,2042
2050,75-100-472,2,2038
2050,160-220-381,1,2047
2050,79-191-251,2,2044
2050,35-440-464,1,2043
2060,158-323-429,1,2052
2060,75-100-472,2,2048
2060,160-220-381,1,2057
2060,79-191-251,2,2054
2060,35-440-464,1,2053
2070,158-323-429,1,2062
2070,75-100-472,2,2058
2070,160-220-381,1,2067
2070,79-191-251,2,2064
2070,35-440-464,1,2063
2080,158-323-429,1,2072
2080,75-100-472,2,2068
2080,160-220-381,1,2077
2080,79-191-251,2,2074
2080,35-440-464,1,2073
2090,158-323-429,1,2082
2090,75-100-472,2,2078
2090,160-220-381,1,2087
2090,79-191-251,2,2084
2090,35-440-464,1,2083
2100,158-323-429,1,2092
2100,75-100-472,2,2088
2100,160-220-381,1,2097
2100,79-191-251,2,2094
2100,35-440-464,1,2093
2110,158-323-429,1,2102
2110,75-100-472,2,2098
2110,160-220-381,1,2107
2110,79-191-251,2,2104
2110,35-440-464,1,2103
2120,158-323-429,1,2112
2120,75-100-472,2,2108
2120,160-220-381,1,2117
2120,79-191-251,2,2114
2120,35-440-464,1,2113
2130,158-323-429,1,2122
2130,75-100-472,2,2118
2130,160-220-381,1,2127
2130,79-191-251,2,2124
2130,35-440-464,1,2123
2140,158-323-429,1,2132
2140,75-100-472,2,2128
2140,160-220-381,1,2137
2140,79-191-251,2,2134
2140,35-440-464,1,2133
2150,158-323-429,1,2142
2150,75-100-472,2,2138
2150,160-220-381,1,2147
2150,79-191-251,2,2144
2150,35-440-464,1,2143
2160,158-323-429,1,2152
2160,75-100-472,2,2148
2160,160-220-381,1,2157
2160,79-191-251,2,2154
2160,35-440-464,1,2153
2170,158-323-429,1,2162
2170,75-100-472,2,2158
2170,160-220-381,1,2167
2170,79-191-251,2,2164
2170,35-440-464,1,2163
2180,158-323-429,1,2172
2180,75-100-472,2,2168
2180,160-220-381,1,2177
2180,79-191-251,2,2174
2180,35-440-464,1,2173
2190,158-323-429,1,2182
2190,75-100-472,2,2178
2190,160-220-381,1,2187
2190,79-191-251,2,2184
2190,35-440-464,1,2183
2200,158-323-429,1,2192
2200,75-100-472,2,2188
2200,160-220-381,1,2197
2200,79-191-251,2,2194
2200,35-440-464,1,2193
2210,158-323-429,1,2202
2210,75-100-472,2,2198
2210,160-220-381,1,2207
2210,79-191-251,2,2204
2210,35-440-464,1,2203
2220,158-323-429,1,2212
2220,75-100-472,2,2208
2220,160-220-381,1,2217
2220,79-191-251,2,2214
2220,35-440-464,1,2213
2230,158-323-429,1,2222
2230,75-100-472,2,2218
2230,160-220-381,1,2227
2230,79-191-251,2,2224
2230,35-440-464,1,2223
2240,158-323-429,1,2232
2240,75-100-472,2,2228
2240,160-220-381,1,2237
2240,79-191-251,2,2234
2240,35-440-464,1,2233
2250,158-323-429,1,2242
2250,75-100-472,2,2238
2250,160-220-381,1,2247
2250,79-191-251,2,2244
2250,35-440-464,1,2243
2260,158-323-429,1,2252
2260,75-100-472,2,2248
2260,160-220-381,1,2257
2260,79-191-251,2,2254
2260,35-440-464,1,2253
2270,158-323-429,1,2262
2270,75-100-472,2,2258
2270,160-220-381,1,2267
2270,79-191-251,2,2264
2270,35-440-464,1,2263
2280,158-323-429,1,2272
2280,75-100-472,2,2268
2280,160-220-381,1,2277
2280,79-191-251,2,2274
2280,35-440-464,1,2273
2290,158-323-429,1,2282
2290,75-100-472,2,2278
2290,160-220-381,1,2287
2290,79-191-251,2,2284
2290,35-440-464,1,2283
2300,158-323-429,1,2292
2300,75-100-472,2,2288
2300,160-220-381,1,2297
2300,79-191-251,2,2294
2300,35-440-464,1,2293
2310,158-323-429,1,2302
2310,75-100-472,2,2298
2310,160-220-381,1,2307
2310,79-191-251,2,2304
2310,35-440-464,1,2303
2320,158-323-429,1,2312
2320,75-100-472,2,2308
2320,160-220-381,1,2317
2320,79-191-251,2,2314
2320,35-440-464,1,2313
2330,158-323-429,1,2322
2330,75-100-472,2,2318
2330,160-220-381,1,2327
2330,79-191-251,2,2324
2330,35-440-464,1,2323
2340,158-323-429,1,2332
2340,75-100-472,2,2328
2340,160-220-381,1,2337
2340,79-191-251,2,2334
2340,35-440-464,1,2333
2350,158-323-429,1,2342
2350,75-100-472,2,2338
2350,160-220-381,1,2347
2350,79-191-251,2,2344
2350,35-440-464,1,2343
2360,158-323-429,1,2352
2360,75-100-472,2,2348
2360,160-220-381,1,2357
2360,79-191-251,2,2354
2360,35-440-464,1,2353
2370,158-323-429,1,2362
2370,75-100-472,2,2358
2370,160-220-381,1,2367
2370,79-191-251,2,2364
2370,35-440-464,1,2363
2380,158-323-429,1,2372
2380,75-100-472,2,2368
2380,160-220-381,1,2377
2380,79-191-251,2,2374
2380,35-440-464,1,2373
2390,158-323-429,1,2382
2390,75-100-472,2,2378
2390,160-220-381,1,2387
2390,79-191-251,2,2384
2390,35-440-464,1,2383
2400,158-323-429,1,2392
2400,75-100-472,2,2388
2400,160-220-381,1,2397
2400,79-191-251,2,2394
2400,35-440-464,1,2393
2410,158-323-429,1,2402
2410,75-100-472,2,2398
2410,160-220-381,1,2407
2410,79-191-251,2,2404
2410,35-440-464,1,2403
2420,158-323-429,1,2412
2420,75-100-472,2,2408
2420,160-220-381,1,2417
2420,79-191-251,2,2414
2420,35-440-464,1,2413
2430,158-323-429,1,2422
2430,75-100-472,2,2418
2430,160-220-381,1,2427
2430,79-191-251,2,2424
2430,35-440-464,1,2423
2440,158-323-429,1,2432
2440,75-100-472,2,2428
2440,160-220-381,1,2437
2440,79-191-251,2,2434
2440,35-440-464,1,2433
2450,158-323-429,1,2442
2450,75-100-472,2,2438
2450,160-220-381,1,2447
2450,79-191-251,2,2444
2450,35-440-464,1,2443
2460,158-323-429,1,2452
2460,75-100-472,2,2448
2460,160-220-381,1,2457
2460,79-191-251,2,2454
2460,35-440-464,1,2453
2470,158-323-429,1,2462
2470,75-100-472,2,2458
2470,160-220-381,1,2467
2470,79-191-251,2,2464
2470,35-440-464,1,2463
2480,158-323-429,1,2472
2480,75-100-472,2,2468
2480,160-220-381,1,2477
2480,79-191-251,2,2474
2480,35-440-464,1,2473
2490,158-323-429,1,2482
2490,75-100-472,2,2478
2490,160-220-381,1,2487
2490,79-191-251,2,2484
2490,35-440-464,1,2483
2500,158-323-429,1,2492
2500,75-100-472,2,2488
2500,160-220-381,1,2497
2500,79-191-251,2,2494
2500,35-440-464,1,2493
2510,158-323-429,1,2502
2510,75-100-472,2,2498
2510,160-220-381,1,2507
2510,79-191-251,2,2504
2510,35-440-464,1,2503
2520,158-323-429,1,2512
2520,75-100-472,2,2508
2520,160-220-381,1,2517
2520,79-191-251,2,2514
2520,35-440-464,1,2513
2530,158-323-429,1,2522
2530,75-100-472,2,2518
2530,160-220-381,1,2527
2530,79-191-251,2,2524
2530,35-440-464,1,2523
2540,158-323-429,1,2532
2540,75-100-472,2,2528
2540,160-220-381,1,2537
2540,79-191-251,2,2534
2540,35-440-464,1,2533
2550,158-323-429,1,2542
2550,75-100-472,2,2538
2550,160-220-381,1,2547
2550,79-191-251,2,2544
2550,35-440-464,1,2543
2560,158-323-429,1,2552
2560,75-100-472,2,2548
2560,160-220-381,1,2557
2560,79-191-251,2,2554
2560,35-440-464,1,2553
2570,158-323-429,1,2562
2570,75-100-472,2,2558
2570,160-220-381,1,2567
2570,79-191-251,2,2564
2570,35-440-464,1,2563
2580,158-323-429,1,2572
2580,75-100-472,2,2568
2580,160-220-381,1,2577
2580,79-191-251,2,2574
2580,35-440-464,1,2573
2590,158-323-429,1,2582
2590,75-100-472,2,2578
2590,160-220-381,1,2587
2590,79-191-251,2,2584
2590,35-440-464,1,2583
2600,158-323-429,1,2592
2600,75-100-472,2,2588
2600,160-220-381,1,2597
2600,79-191-251,2,2594
2600,35-440-464,1,2593
2610,158-323-429,1,2602
2610,75-100-472,2,2598
2610,160-220-381,1,2607
2610,79-191-251,2,2604
2610,35-440-464,1,2603
2620,158-323-429,1,2612
2620,75-100-472,2,2608
2620,160-220-381,1,2617
2620,79-191-251,2,2614
2620,35-440-464,1,2613
2630,158-323-429,1,2622
2630,75-100-472,2,2618
2630,160-220-381,1,2627
2630,79-191-251,2,2624
2630,35-440-464,1,2623
2640,158-323-429,1,2632
2640,75-100-472,2,2628
2640,160-220-381,1,2637
2640,79-191-251,2,2634
2640,35-440-464,1,2633
2650,158-323-429,1,2642
2650,75-100-472,2,2638
2650,160-220-381,1,2647
2650,79-191-251,2,2644
2650,35-440-464,1,2643
2660,158-323-429,1,2652
2660,75-100-472,2,2648
2660,160-220-381,1,2657
2660,79-191-251,2,2654
2660,35-440-464,1,2653
2670,158-323-429,1,2662
2670,75-100-472,2,2658
2670,160-220-381,1,2667
2670,79-191-251,2,2664
2670,35-440-464,1,2663
2680,158-323-429,1,2672
2680,75-100-472,2,2668
2680,160-220-381,1,2677
2680,79-191-251,2,2674
2680,35-440-464,1,2673
2690,158-323-429,1,2682
2690,75-100-472,2,2678
2690,160-220-381,1,2687
2690,79-191-251,2,2684
2690,35-440-464,1,2683
2700,158-323-429,1,2692
2700,75-100-472,2,2688
2700,160-220-381,1,2697
2700,79-191-251,2,2694
2700,35-440-464,1,2693
2710,158-323-429,1,2702
2710,75-100-472,2,2698
2710,160-220-381,1,2707
2710,79-191-251,2,2704
2710,35-440-464,1,2703
2720,158-323-429,1,2712
2720,75-100-472,2,2708
2720,160-220-381,1,2717
2720,79-191-251,2,2714
2720,35-440-464,1,2713
2730,158-323-429,1,2722
2730,75-100-472,2,2718
2730,160-220-381,1,2727
2730,79-191-251,2,2724
2730,35-440-464,1,2723
2740,158-323-429,1,2732
2740,75-100-472,2,2728
2740,160-220-381,1,2737
2740,79-191-251,2,2734
2740,35-440-464,1,2733
2750,158-323-429,1,2742
2750,75-100-472,2,2738
2750,160-220-381,1,2747
2750,79-191-251,2,2744
2750,35-440-464,1,2743
2760,158-323-429,1,2752
2760,75-100-472,2,2748
2760,160-220-381,1,2757
2760,79-191-251,2,2754
2760,35-440-464,1,2753
2770,158-323-429,1,2762
2770,75-100-472,2,2758
2770,160-220-381,1,2767
2770,79-191-251,2,2764
2770,35-440-464,1,2763
2780,158-323-429,1,2772
2780,75-100-472,2,2768
2780,160-220-381,1,2777
2780,79-191-251,2,2774
2780,35-440-464,1,2773
2790,158-323-429,1,2782
2790,75-100-472,2,2778
2790,160-220-381,1,2787
2790,79-191-251,2,2784
2790,35-440-464,1,2783
2800,158-323-429,1,2792
2800,75-100-472,2,2788
2800,160-220-381,1,2797
2800,79-191-251,2,2794
2800,35-440-464,1,2793
2810,158-323-429,1,2802
2810,75-100-472,2,2798
2810,160-220-381,1,2807
2810,79-191-251,2,2804
2810,35-440-464,1,2803
2820,158-323-429,1,2812
2820,75-100-472,2,2808
2820,160-220-381,1,2817
2820,79-191-251,2,2814
2820,35-440-464,1,2813
2830,158-323-429,1,2822
2830,75-100-472,2,2818
2830,160-220-381,1,2827
2830,79-191-251,2,2824
2830,35-440-464,1,2823
2840,158-323-429,1,2832
2840,75-100-472,2,2828
2840,160-220-381,1,2837
2840,79-191-251,2,2834
2840,35-440-464,1,2833
2850,158-323-429,1,2842
2850,75-100-472,2,2838
2850,160-220-381,1,2847
2850,79-191-251,2,2844
2850,35-440-464,1,2843
2860,158-323-429,1,2852
2860,75-100-472,2,2848
2860,160-220-381,1,2857
2860,79-191-251,2,2854
2860,35-440-464,1,2853
2870,158-323-429,1,2862
2870,75-100-472,2,2858
2870,160-220-381,1,2867
2870,79-191-251,2,2864
2870,35-440-464,1,2863
2880,158-323-429,1,2872
2880,75-100-472,2,2868
2880,160-220-381,1,2877
2880,79-191-251,2,2874
2880,35-440-464,1,2873
2890,158-323-429,1,2882
2890,75-100-472,2,2878
2890,160-220-381,1,2887
2890,79-191-251,2,2884
2890,35-440-464,1,2883
2900,158-323-429,1,2892
2900,75-100-472,2,2888
2900,160-220-381,1,2897
2900,79-191-251,2,2894
2900,35-440-464,1,2893
2910,158-323-429,1,2902
2910,75-100-472,2,2898
2910,160-220-381,1,2907
2910,79-191-251,2,2904
2910,35-440-464,1,2903
2920,158-323-429,1,2912
2920,75-100-472,2,2908
2920,160-220-381,1,2917
2920,79-191-251,2,2914
2920,35-440-464,1,2913
2930,158-323-429,1,2922
2930,75-100-472,2,2918
2930,160-220-381,1,2927
2930,79-191-251,2,2924
2930,35-440-464,1,2923
2940,158-323-429,1,2932
2940,75-100-472,2,2928
2940,160-220-381,1,2937
2940,79-191-251,2,2934
2940,35-440-464,1,2933
2950,158-323-429,1,2942
2950,75-100-472,2,2938
2950,160-220-381,1,2947
2950,79-191-251,2,2944
2950,35-440-464,1,2943
2960,158-323-429,1,2952
2960,75-100-472,2,2948
2960,160-220-381,1,2957
2960,79-191-251,2,2954
2960,35-440-464,1,2953
2970,158-323-429,1,2962
2970,75-100-472,2,2958
2970,160-220-381,1,2967
2970,79-191-251,2,2964
2970,35-440-464,1,2963
2980,158-323-429,1,2972
2980,75-100-472,2,2968
2980,160-220-381,1,2977
2980,79-191-251,2,2974
2980,35-440-464,1,2973
2990,158-323-429,1,2982
2990,75-100-472,2,2978
2990,160-220-381,1,2987
2990,79-191-251,2,2984
2990,35-440-464,1,2983
3000,158-323-429,1,2992
3000,75-100-472,2,2988
3000,160-220-381,1,2997
3000,79-191-251,2,2994
3000,35-440-464,1,2993
3010,158-323-429,1,3002
3010,75-100-472,2,2998
3010,160-220-381,1,3007
3010,79-191-251,2,3004
3010,35-440-464,1,3003
3020,158-323-429,1,3012
3020,75-100-472,2,3008
3020,160-220-381,1,3017
3020,79-191-251,2,3014
3020,35-440-464,1,3013
3030,158-323-429,1,3022
3030,75-100-472,2,3018
3030,160-220-381,1,3027
3030,79-191-251,2,3024
3030,35-440-464,1,3023
3040,158-323-429,1,3032
3040,75-100-472,2,3028
3040,160-220-381,1,3037
3040,79-191-251,2,3034
3040,35-440-464,1,3033
3050,158-323-429,1,3042
3050,75-100-472,2,3038
3050,160-220-381,1,3047
3050,79-191-251,2,3044
3050,35-440-464,1,3043
3060,158-323-429,1,3052
3060,75-100-472,2,3048
3060,160-220-381,1,3057
3060,79-191-251,2,3054
3060,35-440-464,1,3053
3070,158-323-429,1,3062
3070,75-100-472,2,3058
3070,160-220-381,1,3067
3070,79-191-251,2,3064
3070,35-440-464,1,3063
3080,158-323-429,1,3072
3080,75-100-472,2,3068
3080,160-220-381,1,3077
3080,79-191-251,2,3074
3080,35-440-464,1,3073
3090,158-323-429,1,3082
3090,75-100-472,2,3078
3090,160-220-381,1,3087
3090,79-191-251,2,3084
3090,35-440-464,1,3083
3100,158-323-429,1,3092
3100,75-100-472,2,3088
3100,160-220-381,1,3097
3100,79-191-251,2,3094
3100,35-440-464,1,3093
3110,158-323-429,1,3102
3110,75-100-472,2,3098
3110,160-220-381,1,3107
3110,79-191-251,2,3104
3110,35-440-464,1,3103
3120,158-323-429,1,3112
3120,75-100-472,2,3108
3120,160-220-381,1,3117
3120,79-191-251,2,3114
3120,35-440-464,1,3113
3130,158-323-429,1,3122
3130,75-100-472,2,3118
3130,160-220-381,1,3127
3130,79-191-251,2,3124
3130,35-440-464,1,3123
3140,158-323-429,1,3132
3140,75-100-472,2,3128
3140,160-220-381,1,3137
3140,79-191-251,2,3134
3140,35-440-464,1,3133
3150,158-323-429,1,3142
3150,75-100-472,2,3138
3150,160-220-381,1,3147
3150,79-191-251,2,3144
3150,35-440-464,1,3143
3160,158-323-429,1,3152
3160,75-100-472,2,3148
3160,160-220-381,1,3157
3160,79-191-251,2,3154
3160,35-440-464,1,3153
3170,158-323-429,1,3162
3170,75-100-472,2,3158
3170,160-220-381,1,3167
3170,79-191-251,2,3164
3170,35-440-464,1,3163
3180,158-323-429,1,3172
3180,75-100-472,2,3168
3180,160-220-381,1,3177
3180,79-191-251,2,3174
3180,35-440-464,1,3173
3190,158-323-429,1,3182
3190,75-100-472,2,3178
3190,160-220-381,1,3187
3190,79-191-251,2,3184
3190,35-440-464,1,3183
3200,158-323-429,1,3192
3200,75-100-472,2,3188
3200,160-220-381,1,3197
3200,79-191-251,2,3194
3200,35-440-464,1,3193
3210,158-323-429,1,3202
3210,75-100-472,2,3198
3210,160-220-381,1,3207
3210,79-191-251,2,3204
3210,35-440-464,1,3203
3220,158-323-429,1,3212
3220,75-100-472,2,3208
3220,160-220-381,1,3217
3220,79-191-251,2,3214
3220,35-440-464,1,3213
3230,158-323-429,1,3222
3230,75-100-472,2,3218
3230,160-220-381,1,3227
3230,79-191-251,2,3224
3230,35-440-464,1,3223
3240,158-323-429,1,3232
3240,75-100-472,2,3228
3240,160-220-381,1,3237
3240,79-191-251,2,3234
3240,35-440-464,1,3233
3250,158-323-429,1,3242
3250,75-100-472,2,3238
3250,160-220-381,1,3247
3250,79-191-251,2,3244
3250,35-440-464,1,3243
3260,158-323-429,1,3252
3260,75-100-472,2,3248
3260,160-220-381,1,3257
3260,79-191-251,2,3254
3260,35-440-464,1,3253
3270,158-323-429,1,3262
3270,75-100-472,2,3258
3270,160-220-381,1,3267
3270,79-191-251,2,3264
3270,35-440-464,1,3263
3280,158-323-429,1,3272
3280,75-100-472,2,3268
3280,160-220-381,1,3277
3280,79-191-251,2,3274
3280,35-440-464,1,3273
3290,158-323-429,1,3282
3290,75-100-472,2,3278
3290,160-220-381,1,3287
3290,79-191-251,2,3284
3290,35-440-464,1,3283
3300,158-323-429,1,3292
3300,75-100-472,2,3288
3300,160-220-381,1,3297
3300,79-191-251,2,3294
3300,35-440-464,1,3293
3310,158-323-429,1,3302
3310,75-100-472,2,3298
3310,160-220-381,1,3307
3310,79-191-251,2,3304
3310,35-440-464,1,3303
3320,158-323-429,1,3312
3320,75-100-472,2,3308
3320,160-220-381,1,3317
3320,79-191-251,2,3314
3320,35-440-464,1,3313
3330,158-323-429,1,3322
3330,75-100-472,2,3318
3330,160-220-381,1,3327
3330,79-191-251,2,3324
3330,35-440-464,1,3323
3340,158-323-429,1,3332
3340,75-100-472,2,3328
3340,160-220-381,1,3337
3340,79-191-251,2,3334
3340,35-440-464,1,3333
3350,158-323-429,1,3342
3350,75-100-472,2,3338
3350,160-220-381,1,3347
3350,79-191-251,2,3344
3350,35-440-464,1,3343
3360,158-323-429,1,3352
3360,75-100-472,2,3348
3360,160-220-381,1,3357
3360,79-191-251,2,3354
3360,35-440-464,1,3353
3370,158-323-429,1,3362
3370,75-100-472,2,3358
3370,160-220-381,1,3367
3370,79-191-251,2,3364
3370,35-440-464,1,3363
3380,158-323-429,1,3372
3380,75-100-472,2,3368
3380,160-220-381,1,3377
3380,79-191-251,2,3374
3380,35-440-464,1,3373
3390,158-323-429,1,3382
3390,75-100-472,2,3378
3390,160-220-381,1,3387
3390,79-191-251,2,3384
3390,35-440-464,1,3383
3400,158-323-429,1,3392
3400,75-100-472,2,3388
3400,160-220-381,1,3397
3400,79-191-251,2,3394
3400,35-440-464,1,3393
3410,158-323-429,1,3402
3410,75-100-472,2,3398
3410,160-220-381,1,3407
3410,79-191-251,2,3404
3410,35-440-464,1,3403
3420,158-323-429,1,3412
3420,75-100-472,2,3408
3420,160-220-381,1,3417
3420,79-191-251,2,3414
3420,35-440-464,1,3413
3430,158-323-429,1,3422
3430,75-100-472,2,3418
3430,160-220-381,1,3427
3430,79-191-251,2,3424
3430,35-440-464,1,3423
3440,158-323-429,1,3432
3440,75-100-472,2,3428
3440,160-220-381,1,3437
3440,79-191-251,2,3434
3440,35-440-464,1,3433
3450,158-323-429,1,3442
3450,75-100-472,2,3438
3450,160-220-381,1,3447
3450,79-191-251,2,3444
3450,35-440-464,1,3443
3460,158-323-429,1,3452
3460,75-100-472,2,3448
3460,160-220-381,1,3457
3460,79-191-251,2,3454
3460,35-440-464,1,3453
3470,158-323-429,1,3462
3470,75-100-472,2,3458
3470,160-220-381,1,3467
3470,79-191-251,2,3464
3470,35-440-464,1,3463
3480,158-323-429,1,3472
3480,75-100-472,2,3468
3480,160-220-381,1,3477
3480,79-191-251,2,3474
3480,35-440-464,1,3473
3490,158-323-429,1,3482
3490,75-100-472,2,3478
3490,160-220-381,1,3487
3490,79-191-251,2,3484
3490,35-440-464,1,3483
3500,158-323-429,1,3492
3500,75-100-472,2,3488
3500,160-220-381,1,3497
3500,79-191-251,2,3494
3500,35-440-464,1,3493
3510,158-323-429,1,3502
3510,75-100-472,2,3498
3510,160-220-381,1,3507
3510,79-191-251,2,3504
3510,35-440-464,1,3503
3520,158-323-429,1,3512
3520,75-100-472,2,3508
3520,160-220-381,1,3517
3520,79-191-251,2,3514
3520,35-440-464,1,3513
3530,158-323-429,1,3522
3530,75-100-472,2,3518
3530,160-220-381,1,3527
3530,79-191-251,2,3524
3530,35-440-464,1,3523
3540,158-323-429,1,3532
3540,75-100-472,2,3528
3540,160-220-381,1,3537
3540,79-191-251,2,3534
3540,35-440-464,1,3533
3550,158-323-429,1,3542
3550,75-100-472,2,3538
3550,160-220-381,1,3547
3550,79-191-251,2,3544
3550,35-440-464,1,3543
3560,158-323-429,1,3552
3560,75-100-472,2,3548
3560,160-220-381,1,3557
3560,79-191-251,2,3554
3560,35-440-464,1,3553
3570,158-323-429,1,3562
3570,75-100-472,2,3558
3570,160-220-381,1,3567
3570,79-191-251,2,3564
3570,35-440-464,1,3563
3580,158-323-429,1,3572
3580,75-100-472,2,3568
3580,160-220-381,1,3577
3580,79-191-251,2,3574
3580,35-440-464,1,3573
3590,158-323-429,1,3582
3590,75-100-472,2,3578
3590,160-220-381,1,3587
3590,79-191-251,2,3584
3590,35-440-464,1,3583
3600,158-323-429,1,3592
3600,75-100-472,2,3588
3600,160-220-381,1,3597
3600,79-191-251,2,3594
3600,35-440-464,1,3593
3610,158-323-429,1,3602
3610,75-100-472,2,3598
3610,160-220-381,1,3607
3610,79-191-251,2,3604
3610,35-440-464,1,3603
3620,158-323-429,1,3612
3620,75-100-472,2,3608
3620,160-220-381,1,3617
3620,79-191-251,2,3614
3620,35-440-464,1,3613
3630,158-323-429,1,3622
3630,75-100-472,2,3618
3630,160-220-381,1,3627
3630,79-191-251,2,3624
3630,35-440-464,1,3623
3640,158-323-429,1,3632
3640,75-100-472,2,3628
3640,160-220-381,1,3637
3640,79-191-251,2,3634
3640,35-440-464,1,3633
3650,158-323-429,1,3642
3650,75-100-472,2,3638
3650,160-220-381,1,3647
3650,79-191-251,2,3644
3650,35-440-464,1,3643
3660,158-323-429,1,3652
3660,75-100-472,2,3648
3660,160-220-381,1,3657
3660,79-191-251,2,3654
3660,35-440-464,1,3653
3670,158-323-429,1,3662
3670,75-100-472,2,3658
3670,160-220-381,1,3667
3670,79-191-251,2,3664
3670,35-440-464,1,3663
3680,158-323-429,1,3672
3680,75-100-472,2,3668
3680,160-220-381,1,3677
3680,79-191-251,2,3674
3680,35-440-464,1,3673
3690,158-323-429,1,3682
3690,75-100-472,2,3678
3690,160-220-381,1,3687
3690,79-191-251,2,3684
3690,35-440-464,1,3683
3700,158-323-429,1,3692
3700,75-100-472,2,3688
3700,160-220-381,1,3697
3700,79-191-251,2,3694
3700,35-440-464,1,3693
3710,158-323-429,1,3702
3710,75-100-472,2,3698
3710,160-220-381,1,3707
3710,79-191-251,2,3704
3710,35-440-464,1,3703
3720,158-323-429,1,3712
3720,75-100-472,2,3708
3720,160-220-381,1,3717
3720,79-191-251,2,3714
3720,35-440-464,1,3713
3730,158-323-429,1,3722
3730,75-100-472,2,3718
3730,160-220-381,1,3727
3730,79-191-251,2,3724
3730,35-440-464,1,3723
3740,158-323-429,1,3732
3740,75-100-472,2,3728
3740,160-220-381,1,3737
3740,79-191-251,2,3734
3740,35-440-464,1,3733
3750,158-323-429,1,3742
3750,75-100-472,2,3738
3750,160-220-381,1,3747
3750,79-191-251,2,3744
3750,35-440-464,1,3743
3760,158-323-429,1,3752
3760,75-100-472,2,3748
3760,160-220-381,1,3757
3760,79-191-251,2,3754
3760,35-440-464,1,3753
3770,158-323-429,1,3762
3770,75-100-472,2,3758
3770,160-220-381,1,3767
3770,79-191-251,2,3764
3770,35-440-464,1,3763
3780,158-323-429,1,3772
3780,75-100-472,2,3768
3780,160-220-381,1,3777
3780,79-191-251,2,3774
3780,35-440-464,1,3773
3790,158-323-429,1,3782
3790,75-100-472,2,3778
3790,160-220-381,1,3787
3790,79-191-251,2,3784
3790,35-440-464,1,3783
3800,158-323-429,1,3792
3800,75-100-472,2,3788
3800,160-220-381,1,3797
3800,79-191-251,2,3794
3800,35-440-464,1,3793
3810,158-323-429,1,3802
3810,75-100-472,2,3798
3810,160-220-381,1,3807
3810,79-191-251,2,3804
3810,35-440-464,1,3803
3820,158-323-429,1,3812
3820,75-100-472,2,3808
3820,160-220-381,1,3817
3820,79-191-251,2,3814
3820,35-440-464,1,3813
3830,158-323-429,1,3822
3830,75-100-472,2,3818
3830,160-220-381,1,3827
3830,79-191-251,2,3824
3830,35-440-464,1,3823
3840,158-323-429,1,3832
3840,75-100-472,2,3828
3840,160-220-381,1,3837
3840,79-191-251,2,3834
3840,35-440-464,1,3833
3850,158-323-429,1,3842
3850,75-100-472,2,3838
3850,160-220-381,1,3847
3850,79-191-251,2,3844
3850,35-440-464,1,3843
3860,158-323-429,1,3852
3860,75-100-472,2,3848
3860,160-220-381,1,3857
3860,79-191-251,2,3854
3860,35-440-464,1,3853
3870,158-323-429,1,3862
3870,75-100-472,2,3858
3870,160-220-381,1,3867
3870,79-191-251,2,3864
3870,35-440-464,1,3863
3880,158-323-429,1,3872
3880,75-100-472,2,3868
3880,160-220-381,1,3877
3880,79-191-251,2,3874
3880,35-440-464,1,3873
3890,158-323-429,1,3882
3890,75-100-472,2,3878
3890,160-220-381,1,3887
3890,79-191-251,2,3884
3890,35-440-464,1,3883
3900,158-323-429,1,3892
3900,75-100-472,2,3888
3900,160-220-381,1,3897
3900,79-191-251,2,3894
3900,35-440-464,1,3893
3910,158-323-429,1,3902
3910,75-100-472,2,3898
3910,160-220-381,1,3907
3910,79-191-251,2,3904
3910,35-440-464,1,3903
3920,158-323-429,1,3912
3920,75-100-472,2,3908
3920,160-220-381,1,3917
3920,79-191-251,2,3914
3920,35-440-464,1,3913
3930,158-323-429,1,3922
3930,75-100-472,2,3918
3930,160-220-381,1,3927
3930,79-191-251,2,3924
3930,35-440-464,1,3923
3940,158-323-429,1,3932
3940,75-100-472,2,3928
3940,160-220-381,1,3937
3940,79-191-251,2,3934
3940,35-440-464,1,3933
3950,158-323-429,1,3942
3950,75-100-472,2,3938
3950,160-220-381,1,3947
3950,79-191-251,2,3944
3950,35-440-464,1,3943
3960,158-323-429,1,3952
3960,75-100-472,2,3948
3960,160-220-381,1,3957
3960,79-191-251,2,3954
3960,35-440-464,1,3953
3970,158-323-429,1,3962
3970,75-100-472,2,3958
3970,160-220-381,1,3967
3970,79-191-251,2,3964
3970,35-440-464,1,3963
3980,158-323-429,1,3972
3980,75-100-472,2,3968
3980,160-220-381,1,3977
3980,79-191-251,2,3974
3980,35-440-464,1,3973
3990,158-323-429,1,3982
3990,75-100-472,2,3978
3990,160-220-381,1,3987
3990,79-191-251,2,3984
3990,35-440-464,1,3983
4000,158-323-429,1,3992
4000,75-100-472,2,3988
4000,160-220-381,1,3997
4000,79-191-251,2,3994
4000,35-440-464,1,3993
4010,158-323-429,1,4002
4010,75-100-472,2,3998
4010,160-220-381,1,4007
4010,79-191-251,2,4004
4010,35-440-464,1,4003
4020,158-323-429,1,4012
4020,75-100-472,2,4008
4020,160-220-381,1,4017
4020,79-191-251,2,4014
4020,35-440-464,1,4013
4030,158-323-429,1,4022
4030,75-100-472,2,4018
4030,160-220-381,1,4027
4030,79-191-251,2,4024
4030,35-440-464,1,4023
4040,158-323-429,1,4032
4040,75-100-472,2,4028
4040,160-220-381,1,4037
4040,79-191-251,2,4034
4040,35-440-464,1,4033
4050,158-323-429,1,4042
4050,75-100-472,2,4038
4050,160-220-381,1,4047
4050,79-191-251,2,4044
4050,35-440-464,1,4043
4060,158-323-429,1,4052
4060,75-100-472,2,4048
4060,160-220-381,1,4057
4060,79-191-251,2,4054
4060,35-440-464,1,4053
4070,158-323-429,1,4062
4070,75-100-472,2,4058
4070,160-220-381,1,4067
4070,79-191-251,2,4064
4070,35-440-464,1,4063
4080,158-323-429,1,4072
4080,75-100-472,2,4068
4080,160-220-381,1,4077
4080,79-191-251,2,4074
4080,35-440-464,1,4073
4090,158-323-429,1,4082
4090,75-100-472,2,4078
4090,160-220-381,1,4087
4090,79-191-251,2,4084
4090,35-440-464,1,4083
4100,158-323-429,1,4092
4100,75-100-472,2,4088
4100,160-220-381,1,4097
4100,79-191-251,2,4094
4100,35-440-464,1,4093
4110,158-323-429,1,4102
4110,75-100-472,2,4098
4110,160-220-381,1,4107
4110,79-191-251,2,4104
4110,35-440-464,1,4103
4120,158-323-429,1,4112
4120,75-100-472,2,4108
4120,160-220-381,1,4117
4120,79-191-251,2,4114
4120,35-440-464,1,4113
4130,158-323-429,1,4122
4130,75-100-472,2,4118
4130,160-220-381,1,4127
4130,79-191-251,2,4124
4130,35-440-464,1,4123
4140,158-323-429,1,4132
4140,75-100-472,2,4128
4140,160-220-381,1,4137
4140,79-191-251,2,4134
4140,35-440-464,1,4133
4150,158-323-429,1,4142
4150,75-100-472,2,4138
4150,160-220-381,1,4147
4150,79-191-251,2,4144
4150,35-440-464,1,4143
4160,158-323-429,1,4152
4160,75-100-472,2,4148
4160,160-220-381,1,4157
4160,79-191-251,2,4154
4160,35-440-464,1,4153
4170,158-323-429,1,4162
4170,75-100-472,2,4158
4170,160-220-381,1,4167
4170,79-191-251,2,4164
4170,35-440-464,1,4163
4180,158-323-429,1,4172
4180,75-100-472,2,4168
4180,160-220-381,1,4177
4180,79-191-251,2,4174
4180,35-440-464,1,4173
4190,158-323-429,1,4182
4190,75-100-472,2,4178
4190,160-220-381,1,4187
4190,79-191-251,2,4184
4190,35-440-464,1,4183
4200,158-323-429,1,4192
4200,75-100-472,2,4188
4200,160-220-381,1,4197
4200,79-191-251,2,4194
4200,35-440-464,1,4193
4210,158-323-429,1,4202
4210,75-100-472,2,4198
4210,160-220-381,1,4207
4210,79-191-251,2,4204
4210,35-440-464,1,4203
4220,158-323-429,1,4212
4220,75-100-472,2,4208
4220,160-220-381,1,4217
4220,79-191-251,2,4214
4220,35-440-464,1,4213
4230,158-323-429,1,4222
4230,75-100-472,2,4218
4230,160-220-381,1,4227
4230,79-191-251,2,4224
4230,35-440-464,1,4223
4240,158-323-429,1,4232
4240,75-100-472,2,4228
4240,160-220-381,1,4237
4240,79-191-251,2,4234
4240,35-440-464,1,4233
4250,158-323-429,1,4242
4250,75-100-472,2,4238
4250,160-220-381,1,4247
4250,319-387-450,2,-1
4250,79-191-251,2,4244
4250,35-440-464,1,4243
4260,158-323-429,1,4252
4260,75-100-472,2,4248
4260,160-220-381,1,4257
4260,319-387-450,2,9
4260,79-191-251,2,4254
4260,35-440-464,1,4253
4270,158-323-429,1,4262
4270,75-100-472,2,4258
4270,160-220-381,1,4267
4270,319-387-450,2,19
4270,79-191-251,2,4264
4270,35-440-464,1,4263
4280,158-323-429,1,4272
4280,75-100-472,2,4268
4280,160-220-381,1,4277
4280,319-387-450,2,29
4280,79-191-251,2,4274
4280,35-440-464,1,4273
4290,158-323-429,1,4282
4290,75-100-472,2,4278
4290,160-220-381,1,4287
4290,319-387-450,2,39
4290,79-191-251,2,4284
4290,35-440-464,1,4283
4300,158-323-429,1,4292
4300,75-100-472,2,4288
4300,160-220-381,1,4297
4300,319-387-450,2,49
4300,79-191-251,2,4294
4300,35-440-464,1,4293
4310,158-323-429,1,4302
4310,75-100-472,2,4298
4310,160-220-381,1,4307
4310,319-387-450,2,59
4310,79-191-251,2,4304
4310,35-440-464,1,4303
4320,158-323-429,1,4312
4320,75-100-472,2,4308
4320,160-220-381,1,4317
4320,319-387-450,2,69
4320,79-191-251,2,4314
4320,35-440-464,1,4313
4330,158-323-429,1,4322
4330,75-100-472,2,4318
4330,160-220-381,1,4327
4330,319-387-450,2,79
4330,79-191-251,2,4324
4330,35-440-464,1,4323
4340,158-323-429,1,4332
4340,75-100-472,2,4328
4340,160-220-381,1,4337
4340,319-387-450,2,89
4340,79-191-251,2,4334
4340,35-440-464,1,4333
4350,158-323-429,1,4342
4350,75-100-472,2,4338
4350,160-220-381,1,4347
4350,319-387-450,2,99
4350,79-191-251,2,4344
4350,35-440-464,1,4343
4360,158-323-429,1,4352
4360,75-100-472,2,4348
4360,160-220-381,1,4357
4360,319-387-450,2,109
4360,79-191-251,2,4354
4360,35-440-464,1,4353
4370,158-323-429,1,4362
4370,75-100-472,2,4358
4370,160-220-381,1,4367
4370,319-387-450,2,119
4370,79-191-251,2,4364
4370,35-440-464,1,4363
4380,158-323-429,1,4372
4380,75-100-472,2,4368
4380,160-220-381,1,4377
4380,319-387-450,2,129
4380,79-191-251,2,4374
4380,35-440-464,1,4373
4390,158-323-429,1,4382
4390,75-100-472,2,4378
4390,160-220-381,1,4387
4390,319-387-450,2,139
4390,79-191-251,2,4384
4390,35-440-464,1,4383
4400,158-323-429,1,4392
4400,75-100-472,2,4388
4400,160-220-381,1,4397
4400,319-387-450,2,149
4400,79-191-251,2,4394
4400,35-440-464,1,4393
4410,158-323-429,1,4402
4410,75-100-472,2,4398
4410,160-220-381,1,4407
4410,319-387-450,2,159
4410,79-191-251,2,4404
4410,35-440-464,1,4403
4420,158-323-429,1,4412
4420,75-100-472,2,4408
4420,160-220-381,1,4417
4420,319-387-450,2,169
4420,79-191-251,2,4414
4420,35-440-464,1,4413
4430,158-323-429,1,4422
4430,75-100-472,2,4418
4430,160-220-381,1,4427
4430,319-387-450,2,179
4430,79-191-251,2,4424
4430,35-440-464,1,4423
4440,158-323-429,1,4432
4440,75-100-472,2,4428
4440,160-220-381,1,4437
4440,319-387-450,2,189
4440,79-191-251,2,4434
4440,35-440-464,1,4433
4450,158-323-429,1,4442
4450,75-100-472,2,4438
4450,160-220-381,1,4447
4450,319-387-450,2,199
4450,79-191-251,2,4444
4450,35-440-464,1,4443
4460,158-323-429,1,4452
4460,75-100-472,2,4448
4460,160-220-381,1,4457
4460,319-387-450,2,209
4460,79-191-251,2,4454
4460,35-440-464,1,4453
4470,158-323-429,1,4462
4470,75-100-472,2,4458
4470,160-220-381,1,4467
4470,319-387-450,2,219
4470,79-191-251,2,4464
4470,35-440-464,1,4463
4480,158-323-429,1,4472
4480,75-100-472,2,4468
4480,160-220-381,1,4477
4480,319-387-450,2,229
4480,79-191-251,2,4474
4480,35-440-464,1,4473
4490,158-323-429,1,4482
4490,75-100-472,2,4478
4490,160-220-381,1,4487
4490,319-387-450,2,239
4490,79-191-251,2,4484
4490,35-440-464,1,4483
4500,158-323-429,1,4492
4500,75-100-472,2,4488
4500,160-220-381,1,4497
4500,319-387-450,2,249
4500,79-191-251,2,4494
4500,35-440-464,1,4493
4510,158-323-429,1,4502
4510,75-100-472,2,4498
4510,160-220-381,1,4507
4510,319-387-450,2,259
4510,79-191-251,2,4504
4510,35-440-464,1,4503
4520,158-323-429,1,4512
4520,75-100-472,2,4508
4520,160-220-381,1,4517
4520,319-387-450,2,269
4520,79-191-251,2,4514
4520,35-440-464,1,4513
4530,158-323-429,1,4522
4530,75-100-472,2,4518
4530,160-220-381,1,4527
4530,319-387-450,2,279
4530,79-191-251,2,4524
4530,35-440-464,1,4523
4540,158-323-429,1,4532
4540,75-100-472,2,4528
4540,160-220-381,1,4537
4540,319-387-450,2,289
4540,79-191-251,2,4534
4540,35-440-464,1,4533
4550,158-323-429,1,4542
4550,75-100-472,2,4538
4550,160-220-381,1,4547
4550,319-387-450,2,299
4550,79-191-251,2,4544
4550,35-440-464,1,4543
4560,158-323-429,1,4552
4560,75-100-472,2,4548
4560,160-220-381,1,4557
4560,319-387-450,2,309
4560,79-191-251,2,4554
4560,35-440-464,1,4553
4570,158-323-429,1,4562
4570,75-100-472,2,4558
4570,160-220-381,1,4567
4570,319-387-450,2,319
4570,79-191-251,2,4564
4570,35-440-464,1,4563
4580,158-323-429,1,4572
4580,75-100-472,2,4568
4580,160-220-381,1,4577
4580,319-387-450,2,329
4580,79-191-251,2,4574
4580,35-440-464,1,4573
4590,158-323-429,1,4582
4590,75-100-472,2,4578
4590,160-220-381,1,4587
4590,319-387-450,2,339
4590,79-191-251,2,4584
4590,35-440-464,1,4583
4600,158-323-429,1,4592
4600,75-100-472,2,4588
4600,160-220-381,1,4597
4600,319-387-450,2,349
4600,79-191-251,2,4594
4600,35-440-464,1,4593
4610,158-323-429,1,4602
4610,75-100-472,2,4598
4610,160-220-381,1,4607
4610,319-387-450,2,359
4610,79-191-251,2,4604
4610,35-440-464,1,4603
4620,158-323-429,1,4612
4620,75-100-472,2,4608
4620,160-220-381,1,4617
4620,319-387-450,2,369
4620,79-191-251,2,4614
4620,35-440-464,1,4613
4630,158-323-429,1,4622
4630,75-100-472,2,4618
4630,160-220-381,1,4627
4630,319-387-450,2,379
4630,79-191-251,2,4624
4630,35-440-464,1,4623
4640,158-323-429,1,4632
4640,75-100-472,2,4628
4640,160-220-381,1,4637
4640,319-387-450,2,389
4640,79-191-251,2,4634
4640,35-440-464,1,4633
4650,158-323-429,1,4642
4650,75-100-472,2,4638
4650,160-220-381,1,4647
4650,319-387-450,2,399
4650,79-191-251,2,4644
4650,35-440-464,1,4643
4660,158-323-429,1,4652
4660,75-100-472,2,4648
4660,160-220-381,1,4657
4660,319-387-450,2,409
4660,79-191-251,2,4654
4660,35-440-464,1,4653
4670,158-323-429,1,4662
4670,75-100-472,2,4658
4670,160-220-381,1,4667
4670,319-387-450,2,419
4670,79-191-251,2,4664
4670,35-440-464,1,4663
4680,158-323-429,1,4672
4680,75-100-472,2,4668
4680,160-220-381,1,4677
4680,319-387-450,2,429
4680,79-191-251,2,4674
4680,35-440-464,1,4673
4690,158-323-429,1,4682
4690,75-100-472,2,4678
4690,160-220-381,1,4687
4690,319-387-450,2,439
4690,35-440-464,1,4683
4700,158-323-429,1,4692
4700,75-100-472,2,4688
4700,160-220-381,1,4697
4700,319-387-450,2,449
4700,35-440-464,1,4693
4710,158-323-429,1,4702
4710,75-100-472,2,4698
4710,160-220-381,1,4707
4710,319-387-450,2,459
4710,35-440-464,1,4703
4720,158-323-429,1,4712
4720,75-100-472,2,4708
4720,160-220-381,1,4717
4720,319-387-450,2,469
4720,35-440-464,1,4713
4730,158-323-429,1,4722
4730,75-100-472,2,4718
4730,160-220-381,1,4727
4730,319-387-450,2,479
4730,35-440-464,1,4723
4740,158-323-429,1,4732
4740,75-100-472,2,4728
4740,160-220-381,1,4737
4740,319-387-450,2,489
4740,35-440-464,1,4733
4750,158-323-429,1,4742
4750,75-100-472,2,4738
4750,160-220-381,1,4747
4750,319-387-450,2,499
4750,35-440-464,1,4743
4760,158-323-429,1,4752
4760,75-100-472,2,4748
4760,160-220-381,1,4757
4760,319-387-450,2,509
4760,35-440-464,1,4753
4770,158-323-429,1,4762
4770,75-100-472,2,4758
4770,160-220-381,1,4767
4770,319-387-450,2,519
4770,35-440-464,1,4763
4780,158-323-429,1,4772
4780,75-100-472,2,4768
4780,160-220-381,1,4777
4780,319-387-450,2,529
4780,35-440-464,1,4773
4790,158-323-429,1,4782
4790,75-100-472,2,4778
4790,160-220-381,1,4787
4790,319-387-450,2,539
4790,35-440-464,1,4783
4800,158-323-429,1,4792
4800,75-100-472,2,4788
4800,160-220-381,1,4797
4800,319-387-450,2,549
4800,35-440-464,1,4793
4810,158-323-429,1,4802
4810,75-100-472,2,4798
4810,160-220-381,1,4807
4810,319-387-450,2,559
4810,35-440-464,1,4803
4820,158-323-429,1,4812
4820,75-100-472,2,4808
4820,160-220-381,1,4817
4820,319-387-450,2,569
4820,35-440-464,1,4813
4830,158-323-429,1,4822
4830,75-100-472,2,4818
4830,160-220-381,1,4827
4830,319-387-450,2,579
4830,35-440-464,1,4823
4840,158-323-429,1,4832
4840,75-100-472,2,4828
4840,160-220-381,1,4837
4840,319-387-450,2,589
4840,35-440-464,1,4833
4850,158-323-429,1,4842
4850,75-100-472,2,4838
4850,160-220-381,1,4847
4850,319-387-450,2,599
4850,35-440-464,1,4843
4860,158-323-429,1,4852
4860,75-100-472,2,4848
4860,160-220-381,1,4857
4860,319-387-450,2,609
4860,35-440-464,1,4853
4870,158-323-429,1,4862
4870,75-100-472,2,4858
4870,160-220-381,1,4867
4870,319-387-450,2,619
4870,35-440-464,1,4863
4880,158-323-429,1,4872
4880,75-100-472,2,4868
4880,160-220-381,1,4877
4880,319-387-450,2,629
4880,35-440-464,1,4873
4890,158-323-429,1,4882
4890,75-100-472,2,4878
4890,160-220-381,1,4887
4890,319-387-450,2,639
4890,35-440-464,1,4883
4900,158-323-429,1,4892
4900,75-100-472,2,4888
4900,160-220-381,1,4897
4900,319-387-450,2,649
4900,35-440-464,1,4893
4910,158-323-429,1,4902
4910,75-100-472,2,4898
4910,160-220-381,1,4907
4910,319-387-450,2,659
4910,35-440-464,1,4903
4920,158-323-429,1,4912
4920,75-100-472,2,4908
4920,160-220-381,1,4917
4920,319-387-450,2,669
4920,35-440-464,1,4913
4930,158-323-429,1,4922
4930,75-100-472,2,4918
4930,160-220-381,1,4927
4930,319-387-450,2,679
4930,35-440-464,1,4923
4940,158-323-429,1,4932
4940,75-100-472,2,4928
4940,160-220-381,1,4937
4940,319-387-450,2,689
4940,35-440-464,1,4933
4950,158-323-429,1,4942
4950,75-100-472,2,4938
4950,160-220-381,1,4947
4950,319-387-450,2,699
4950,35-440-464,1,4943
4960,158-323-429,1,4952
4960,75-100-472,2,4948
4960,160-220-381,1,4957
4960,319-387-450,2,709
4960,35-440-464,1,4953
4970,158-323-429,1,4962
4970,75-100-472,2,4958
4970,160-220-381,1,4967
4970,319-387-450,2,719
4970,35-440-464,1,4963
4980,158-323-429,1,4972
4980,75-100-472,2,4968
4980,160-220-381,1,4977
4980,319-387-450,2,729
4980,35-440-464,1,4973
4990,158-323-429,1,4982
4990,75-100-472,2,4978
4990,160-220-381,1,4987
4990,319-387-450,2,739
4990,35-440-464,1,4983
